ID;Name;Class;Power;Speed;Magic;Intelligence;Healing Factor;Weakness;URL
1;Iron Man;Hero;90;50;10;95;5;Magic;https://conteudo.imguol.com.br/c/entretenimento/85/2018/04/25/homem-de-ferro-3-1524693614901_v2_900x506.png
2;Captain America;Hero;75;60;5;85;10;Magic;https://i0.wp.com/www.coliseugeek.com.br/wp-content/uploads/2023/01/289d9-clickwallpapers-capitao-america-marvel-wallpaper-img_3-scaled-1.jpg?resize=1536%2C864&ssl=1
3;Thor ;Hero;95;70;90;80;20;Speed;https://images3.alphacoders.com/130/thumbbig-1303092.webp
4;Spider-Man;Hero;70;80;15;85;30;Magic;https://t2.tudocdn.net/634803?w=1200&h=1200
5;Doctor Strange;Hero;85;40;100;90;5;Power;https://e0.pxfuel.com/wallpapers/144/187/desktop-wallpaper-dr-strange-top-65-best-dr-strange-background-doctor-strange-neon.jpg
6;Black Panther;Hero;80;75;10;90;15;Speed;https://upload.wikimedia.org/wikipedia/en/9/9f/Black_Panther_OS_Vol_1_2.png
7;Black Widow;Hero;70;85;5;80;20;Power;"data:image/jpeg;base64,/9j/4AAQSkZJRgABAQAAAQABAAD/2wCEAAkGBxMSEhUTExMVFhUXGR4YGBgYFxodGBcXGhgXFxgYGBYYHSggGBolGxcXITEhJSkrLi4uGB8zODMtNygtLisBCgoKDg0OGhAQGy0lHyYtLS4vLy0tLS0tLS0tLS0tLS0tLS0tLS0tLS0tLS0tLS0tLS0tLS0tLS0tLS0tLS0tLf/AABEIANQA7gMBIgACEQEDEQH/xAAcAAABBQEBAQAAAAAAAAAAAAABAAIFBgcDBAj/xABEEAABAwEEBgcDCgYCAQUAAAABAAIRAwQSITEFQVFhcYEGByKRobHwEzLRFyNCYnKCkqLB8RRSU7LS4TNjVHOTs8LD/8QAGwEBAAEFAQAAAAAAAAAAAAAAAAUBAgMEBgf/xAA8EQABAwICBggEAwcFAAAAAAABAAIDBBEhMQUSQVFxgQYiYZGhsdHwExQyUhaS4TM0QnKissEjRGKC8f/aAAwDAQACEQMRAD8A2MIJ6YiItKKbKIKoiJKcvNbqj203uptDnhpLWnJxAm7hty5rOXdaNQGDQp97visUkzI/qW9R6NqKwEwi9s8QM+PvPctPQWY/KlU/oU+93xQ+VKp/Qp97visfzkW/wW7+HdIfYPzN9VqKCzA9aVT+hT73fFL5Uqv9Cn3u+KfOQ7/BPw7pD7B+ZvqtPSWYfKlV/oU+93xQ+VKr/Qpd7vinzkO/wT8O6Q+wfmb6rUFwt1tp0WF9V7WNGtxjHYNp3LOrP1m1nuDW2emSTAxdr5qvdKOl1S0VHYCGdkRMA6w0ayTmTw1KhqmkdTErBLomeBwE9hftBPhdaNaendjZ9J7gci1sydgkgrto7pnY6xA9rccTAFSGme/zWFU7c+CL3bzhxJw+q0GDA2qNdaqjnRUqEDiBHLVxBBVrZJb42WN1PFbC/evqlNWJdDenNos1E0H3a4aZpufLuxGLQRsInHaYOCnPlTrf+PT/ADf5LIaqNuDllg0NVzt14gCOIHgVqSSy35VKv/j0/wA3+SPypVf6FP8AN/kqfORb/BZvw7pD7B+Yeq1BJZd8qVX+jT7n/wCSXypVf6NPuf8A5J85FvPcq/h2v+wfmHqtRSWXfKlV/o0+5/8AkgetGr/Qp/n/AMlT5yLf4J+Ha/7B+YLUQnLMKHWXaHvDW0KRc4gAduSSYA97atLo3rovxegXoymMYnVMrLFM2S+qtGs0dPR6vxgBfLEHLgnSlCKCyrRSQlGUCURJAokoBVRFqRRAQIVERCxfrE0N/D2pzmiGVPnBsBJN4cnY8CFtAVa6wNEfxNkcQJfS+cbtIA7bebcY2tC16qLXjO8Y++Sl9B1vytW0n6XdU88jyPhdYokk4QkoZenJJJJIqpJJIBFReyxktY+oM/dHF2HlPeoayUn16opsJA1nYNZ4lSukzcoQM7pefvQGec9y59GbRTslNleriat6Gg4gMN2eGBI4Lep22YTtXAaZqBJVHHAYd363Vmo9DaFzFpJj3pM96gdNdEmAEskOG0k+avOitPUbQwlgcLok3hq2yCQVXNM9LaF66GO4kgd2Z74WVpdfBRh1LXNlQNHWqpQqXRgJAe0gQ4XmkjHI4ZqzaSs3s6r2TN1xE7YMSoXpnZhSr07pBv0mVJG114EcrvgpKg8vo06hMm6GuP2eyCd5AHO8rKxmAcpzo1Uasz4icCPEfokkkko9dukkkkiJJJJNEkDaiort1W6H9pXNdw7NIS3e84N7hJ43VriheiWif4Wy06ZHbPbqfbcMRyEN+6pdTVPH8OMA5ry3S9b83VOeD1RgOA9Tc80QlKSCzqMRSQCJRFzcf25/unIEa0Wu37uaqicCnJhOQSRE5JqRSARFhnTfQ/8AC2p7AIYe2z7LshyMt5KBWw9ZmhPb2YVWiX0cTvpn3sN0B3AOWOkKEqI/hvI2bF6foSu+bpWud9QwdxG3mLHjdFJJJYFLpLtYqF94bqnHguKktCht686cMhtJIA9fBVWvUyfDic/cF4Olj4bVA+lgPsjss9cFbOh9KjVstAOAIc2RB91zXOBGGRAu96oXSCuaj3xk0ydmHut/RSfV/pIUXvs5MY+0ZvwDag4w1p5FSUbf9LtzXm0z7y3OWXvmtaZYqYD2ta0H2ZkmMcIEnWBAVd0nYKFWk2o5oDYvdmADkdXAdy4dILXRtAh1B5c1sB4qU2y04kQXYtnaF5GW9j2UmQabGAAh5BwBw90mZ8VQXOSq4WF3ZKm9PntFSjTAgtYC4axJc+COFUD7pXq0aHGzjVBIA2nsuJO+8/wKqlttptFarXOb3F0HU2eyOTQByVt0U4ijd+sYGeAa3Ods5fFXVQ6lln0RKWVAePfv9VxRXSu2HEDLVwOK5qLXozHBwBCSSSSK9JWvq40P7e1B7vcpQ87yD2RzPgCqo0SVt3QDRH8NZGkiHVfnHbQCOw3k3VtcVs0sevJjkMVBdIK35akIH1O6o55nkPEhWIlI5pAIExz8FMLzZGEkk060RFxSDuSRKQREBiEKbIwGUk9+PmnAJBVRCZJ3YeRz7kGVJwxy1p4Ca2n638UROJQa71uRJQaROzUPXrJERqUg4FrhLXCCDrBwIWB9J9FGy2mpSMwHdk7W5tPcRzlb+CqJ1r6Hv0W2lo7VPsO+wSS2eDjH31p1kesy42eyp/o5WfAqvhnJ+HPZ35c1k6SCKiV6MkpHR2DSd4A5nE90rho3RtWu+7TYXHM7GjW4uODRvKmzop1maHVMne4RMG6MSLwBIxGORV7WutrWwUTpOribGYi4a5GAvj3Kh29pbVqAmGufPLZ3oaPshc51fGGOb+Y3ZXbSVoa/2kjXgeGfhKsPQ2wmrZLW6MA1kfaaSfKO9SkV7Y+8FwE9tm//ACpahpcsZ7OpQp1cOy4gTGqcM1B2k1KrgA0AvfDWtyG/kFZqeji5rQc2+R/2vToiwspOqV6hhtFkknaXA4b4aRzVsZBcFWUEMJWWWjRjaf8AEh3ZLHA0/ry8tLByvHg1SuiK0RmCTryl0/qCOajrex9Wt7ZwMF0xndvEuA4IOcWgQDAdHdej4q+WzsFSnJZip62e+Rq1cNXguKs3QjQDLfZ3ufVeKtOoWHAObcuMLCATM9oa929R/SHo/Vsb4eJb9F+ojjqO0H/ajZKd8Yuct67zR2l6epAjabPtkc8M7bDvw2KJSSQAWFTKn+hOh/4m1Ma4fNt7b/stIwPGQOa3IOwy9Qqh1a6F9hZTVcIfWxG0Uxgzvku4QrhGpS9JHqR32n2F5tp+t+Yqy1p6rMBx/iPfhwAQKBHmgMABrTohbSg0JxyRSBSaZRE1wOqPXlinpqJPLuREQkdSAM7e5FxgKqJFJCdXrGfgiQiJQi0ohKURJrcZ9esEy1WdtRj6b8WvaWkbQRBXVuSdCpbeqgkG4XzppnR7rPXqUnZtcQd+JgjdEHmvGAtN629DTctTRn82/wAS0nxE7mrMmZhQc0fw3lq9V0ZWCrpmy7dvEZ+q2Lopo1lGx0GxjWLX1D/MJvAHa2A1sZQ47VU+tu3n2xAPusFMfad2j5+CtvR9pqUaAdJDWM4iAIaNmQcSMYIGvDNOlU1TVJJJFapBOcES3wcpKSwia3h5X8152XOkqpXk3N3eap9dzQ1uvbvd/KN2srWehVhq09H1KdVg7bXOaQMcQTddvGYOzDVjnOiLAKlostN2TqjGkbWzed34hfQbKIDABqWSECxWvUuNwqhZ6UtXO1aFdaSKA7NP36pGs4im3frP7qRpUbrnM/lJA4A4eEKw6Oohgcdpnua1v6LHAyziSr6h/VFllFp0W1hq03CC5rC3cWyHdzgQqIWi8QNRn9P8VqfWdZ3BzatPAu7Dt8/S4y1o9BZbZMS/eHDuOH6I8WKuidcK99VOkrlSvSukhzqTpgmCRUbmMsWMHNXHp00Ps1SfoAPaTkDeaMN5aXDms46qnH+LqXXXXmjLXag5lRstcNbSHnDZlBAKuWkTeZbGgQDTa6Jm69rmh7RqAuMYRET2zCzPF4iOwqyjdq1kTv8Am3u1hfwWdqW6LaJNqtNOkJgntHY0YuPcO+FEkLWeqrQ3s6L7Q4Q6p2WnYwEXiOLh+RREEfxHgbNvBejaXrPlKV0m3IcT6Z8lc6ABYA0XAMABGAGAHCIXa7t2/DuTiE0Gcjw9c1Nry1NJjht8E4pEevXNAeSIgBy4JE+vNIYpoHdGXBETyjKCQqRhr2IiN7cfWpMEk493rge9dITSqohPa5eX7ohhmdWzahOJHdw9ArpOKIkG4bU5oTQdeW5OCIkAihKcqIvFpjR7bRQqUX5PbE7Dm13EGDyXz7a7K6lVdTcILXlpGw3oK+kVmPWR0cm00azGkCs5rHRqqSIPEt/tK0q2LWbrDYum6NVwhmdC89V2I4j1HkFY9A1GspBsiWtbOOPutEnuAWa07Myq97XvAa0tc7aYMDDeGnfgFoel+j4cJpOLHDjGGAxGIMKldHNGOo22rTrhjvaMDqf0hNN0PGI+uw81syR61uxc/HNYk71C6GsFS06RFWmC1lN99uGww2RvP64raW1Mrwg7RkTq4c+8qF0bo8UX3gMHDHj6J8FNOgiNRw78FWNpAxVsrtY3Cjq1gPtycLrxO/CAcPWakWujedmoTtOrH/UplKpe9mdZaHHm3/aNnMkneT4lnkzxO1XNYBe21WueXAA7FWuk+jTaA69jGDR9EHD6OuCdc5HALHLRo1zKwaNRg8sD5eS32008N8knnPxWbaY0cGurnm3kNvOVY5pJWRjw0FQnV1Tu6UrMyDWvJOoNBaBw95vcrnpCtSc61QQZpkgn6RaMQ3bBx4XtSq3V3oJ9qdXtN4MY99xsgyWsOd3WMRrzaVo9bQDGUXsYLz3U3MvO1lw7OAwADrp+KyOHVIG4+SticBK1xyBHmFleiLA60V2UmZvcG8BOLuESeS+gbJZG0qbKbMGsaGjg0R64rP8Aqo0LBqWpw1ljJ73HybzctHJxyWnRRarNbf5Kf6S1vxqn4LfpZ/cc+7LvTHkwYz1IMO7E+v0XUhNW4ucQQhGO9AhETLs5oOETy8SF0hcxj8UROhAuxw9esEmeuC5ucG4u4bkRdm+acUAUAqomgC9y+HwXVoxTIx5J4REQkVyoVg4dn1n4fFdkRAFOATI/3xTmTGOaInBcLZRY4AuAN1weJ1ObkRvXoXl0g+GxtRVBINwvA90yqF0jtradanUH0KgA/C4PP1sDHMblctK17jDr3ap1TtWUdK7Qfatpzi0SftOxJ8QPurBUymOMkZqT0LRNq6tsbx1QCTwy8yFqFltl4DD16he+nMSvFoQzRouOZo0yd5uAT4BSL6mBWcG4uo17NRxbuJHcSuVhbg0bAR3PgeSVjEid3mS79ULE/L73/wAhR0W7sD7LfFjT+qK1eW3yJVC6R03VC5ggDG8dwaXu7mjxG1aLbcQqJ0gF2lUcNjuZqPaz+2i5Ue7VaXbllp4fjTMi+5wHeV7ertgbZabWx2Jbh/Nm4neS4Hmrc+pgO7n+8FUHqytF72tMnVfaN2DXebVd6+tYqd5fGHHNbelqZtPWSRNGF8OBF7cr2UvoayMo0adNnuhoicyTiSd5JJPFeucV49E1rzMNRnHfP6yvW10ifL9FlAsLBaL3F7i5xuTieJTk1BjpAPrJGckVqBQJRlIoiATS5OCBREGevP8AVEhBgjD1uRREQgDKTXHX+6MqqIRiSnByacx62T4eaLERJgAy4J7vXrgmnmfW1OBREQUQmA4YkbyiaglEXRRdtqy7cpB7oaSoa1VIE4Y96IoXTVoEGT2WguPAAk+AWT2y0Oq1S8/SdjuxyG4ZK79N7bcpXQ6XPMax2QZJ5m6N4lU7o/YxVtFGm4wHvAO8TL4G2AVGVri54jHsldr0bhbT00lXJhf+1vqcO2wWyaNaRSs4OEUKYPECF6S3A+tQTbOZduu/qV0qOgqSAsLLi3OLiXHbivJQwb915/MSn2Q3afJo7mNH6LzMqfMud/0ud3guC9gZgRv8JjyVytXjtlogFVLplTiyO2+0ptP/ALVRxH4nFWi2MkgbSB44qu9MRestQaxVD+UOaP7h3LDU/sXcFIaJcG10JP3DxVX6D2u5a2CYD5aeJHZH4gFqLjP7rEaTyHAgkRiCMwRkQtq0LbvbUKdUH3h2gBk4YOE8Z5QtSgkwLOanulVKRIyoGRGqeIuR349ykdHOuvGx2HfHrvUvEcAFX6RId5KxB0gHUfQUguSTKQgccU14xA59y7QuZb671REAZKMpya9ETckYRSREw6ilI1+KLm+UITtzRE6NSCLj69cUgdXr1iqomOJkDD/W7fknt3psdreB5+X7J4bhiPWHrkiI4ppnVq26/gnpAeuPrwREBn+mr1/tOuDP1+6AGPrGZ8v1TwiLyaSqwyNpHx+Cg7daDqEnUoDRPSIWjSGkKckik5gbj9BrTTIGOAvtc6frjnz6T24spPc0wS2MMwHQBjtzM4K1zg0EnYskUTpZGxtzcQBzNlR+kukPb1zBlo7LOA18zJ5rx9EtN0aGkb1odcDQWsJ9wEiCHH6MiYOWIXmaSXDbKirZ0ctFQG0Uabn0yTEYuwwvAawYMRuWhRdaRzjn6ldd0maKelhgjwYNm3qiw5Y49tl9D0KwBaQQQW4EYggEnA6xBCNZ4eS36IEvOwfy89e7iCvmqw6TtNnN2nVrUIOIY5zIymWTdnIwQrBYOsHSDQB7cPGLjfp05J1S4AE4gRy2QpJcYt1Y4hxccsMNgx9HmnMdclh+ji3ezIfhPZ4Xdqyd/WZaWNFW5Se0uuQ6mWns4GHtqkHOfdC6nrVvNF+yuvNmCyqCLp7JBDmgxjHGDmqDFXOaWmxWiPrdvL3QT/rioi1PbUqus+EOpOYT/wBjgPZ90A8wdaqNTrUs8EilXvGM2sgAZH388T4KCtnT+mZNOlVD9TiWzJzMgnGcZVS0EWKoHOaQ5uYN+5c6jYJ4q7dXOlomzk4Hts4gAEcwAfuqoiHWSzPAkFpAJiXYkkuIAxDy9mWIYN6doi2GjWp1B9Fwy1iRI54jmoQXgm4eS9Jfq6V0bcCxcLgbnA78NotswWyVXQ5pVisj7zB62wqvVIc2QQQRIjwjdCjejvTIO0mbCXSPZbv+ZskjbNwYgnOMFNLzZaAgikiJqDgnJriqImYjVKKROCaMgiINJkpGnjJmU7zQDZGZ5FEXSJQjvSu4nf47UANWPFVRE/onAakwDH1uTmjE+s0RImAjHrYiQiQiIBebSlZ7KNV9NpfUaxxY0R2nBpLRjvXpUbpy2XGsaD2qlRtNu6fedyaHHHXA1qjiALlXMYXuDR795r5TtL6lOq57va0qrccbzHy7GcYIkHPWrFovTFrtFImvVc9kw0EAY43nEgC8cYkzkVpfWXYaDqDnWoMcWN7Lg0tqADU1wdmSRhlMYbM90dpj2tlp0mUgynSkSRMuMkw7PAEY4Z5LDVfsnY295KT0GbV8fV1udrdvbYXNuzBcasm4xvvVXim3dJ7TuQkratFso0KIButYxuJMBrQBmSclh1otfsa1GrEikHPiYkkBrRJ1z4AnUvPWt9u0q+6S4snBgwpNOon+Y7zJ4K2jYBEDvWx0jqHSVzmHJgAHMAnz8ArJ1m9LbHX+ZstJlR2uuRg3/wBLWXfWyGqZkQvRbobaLS2+43Gn3S5sl2Oechojmrd0R6umsIfV+ceNRHZbB2azx2LQhY2NABd4gDuC2lBAm9wsotfV3aS0NbUpENJOJOMwDhGGS4u6ubWGy11IkDEXiL3avwTGV4DuC1lwbIhdaYxVEcdbEr5o0jYq1F5p1WOY8fRcIMbRqcN4kJ+i9HNrGHV6dM7HyJ4OPZ5TK+i9MaDpWll2rTa8DKRlwOYO8Kh6Z6pmOaX2aq5hH0Hi8OF7AjiZVbqirFezV7IKFF7w6k4uDMMW3pcBOuXOlPyKj36MtFncLNaJAY41KcG80ezp1HvDMJg3YjDFwPH3B04jJwvDg7FRde2zg7sXc9E57wSRE5G/eP0Xq0p0+tVnYyjTa0dmBUdibuUBpwkZSZwjBVvR2nH0bbTtZeXvZUbULicXNJkg8QSI2NhWQ6GoWqkGPq+xq3hccRLcbrbpGGLiYzzDd6s2hegNGnQvMpOr1QbwqVvmxhkGsxIbOOIE7clvUztaIFczpiFsNbI1uV75Wzx7rnDsw2LZaFYPa17TLXAOHAiR4J7l5rBafa0w7Xk4bHDP4jcQvRKyKOItgkgUU0oqIPGEIH13Iymu9eSInJIBGEROiQnFcwngqqIHUnSmuSKInJShKAIRE6VmHSbpAH6VotB7FneGnYX3hfPeA37qu/SrTH8LZqlUe/F2mNtR3u8YxdwaVgwrAE1Xkw2XkzjAxidpOA3kLRq5SC1jc8/HBdN0fomvZLUS4NALQd1x1jyHmrh0wrU7TaH0qzLzKbQ4MvOa4kuPabdIDgA3I7clVRaKfsnsZTpsF+8LgIk3SD2cmjLLNcrTpL2zWgMdMAVL7mEseQDUFNwGI93PGQQZXJ9QAS4m62BJ2THKJVtTJiWDM4WVdB0Ru2pk6rGDWuRa+B8ALm47FF2ir7Ss6zkGL9J24NFN7XDmajfFa10OsDKbSGtgQ08ZkHuDfELLBDbW7OHtGYiSx7dR+qFsOhM272kDjgZ7mu71uQ4M1SMsPDHxuoXSQaagytdcPJdyLnW/p1TzVg0fTzG/wP8AsOXtq2cELy2bB3EeX7lSLjgsi0lWdKsFMg5AkDmTA8V67DQJXPpGB7MnZDvwuDv0XssDpARF63MAC87/AHDvXeocF5Kz7sTxPBon9ERZl1os7AcDDvauDTrg35z1Fs8iVTtGj5il9n/7FWHrBtzTXs9KoYa0FzzuuwecF0cFCUnlwktDQ5pdAAAZJPs2gDUGyOS1a1hcy+6yn+jdQ2Kqa2xJfrDyN/B3mutOzNqyx7i0H6QzaRiHDfIC2nRlrBs7C4hpLe1OEGO0cchMrFqT4IIzGKnbfp9tSy07LUrGz0mtl9bNxLReawMDSe08AcJwWvQyDFpUl0qpXEsnAwtY9m3Hs8ua1PQ2kGNrBl4RVBgT9NgBnbLmTypN2qxysAb0gqF9CsHYsuubAhoIP8oOUjEcVuui7c2vRp1me7UaHcNoO8GRyW3HKHPc3cf/AHxXP1dC+GnhnOTx3bv6bdxXoclKL02FmUckgUp84XIYc/BEXZEJohKB+21ETg7vSvJpAKJKIkXJwK5nNEFVROjkkChKjtP6RFmoVKx+g3sj+Z5wYObo5SqEgC5VzGOe4MaLkmw4lZx1p6a9pWFnaezS97e84n8Igc3Kg2qDdpkwXEOykYZSJEiROsdngvVabXLn1ahJiXuOtxknvJ81HaPq1HX3PdlII1F5Mu5N7Le9RTHEl052ZcdncF3c0TY2Q6LZjrC7juaMXH/sbgbuNl6KVK60NEmNZzJJkuO8mSlaHhtKobl6WFoxIgkQ12GcEzG5OQqUw5pa7IiFrsdZ4c7HFTlTTF1M6GLq9UgbLYWCrlr0i94p1CZuuxgfy4kzva4eK23o3ag+nRePq47AYDvykrDbXZ7rqlPm3l8QZ5KUsfTK00qLbPRutwi9F5xnINBwBzGR5KfBBFxtXk8jXNcWOzaSOFjkvoeraW0wHPc1oGtxAHeeK6P07ZgBetFAcarB5lYdovo3pW2H2tanWeDka1QCJzusqOBaOAAiNyl/kjtVVt41aDCcYJe484bHiUsrbrRtP22nUoVCx7Xi47FrgRkdYK9eiK/ZCxDTHV1b7C11Vj6bgAZNF7g+7rlpa2RuBK7aC6zLTZz7OvSbUu4HOnUH2hBB7giLeXPlR+lKkNdvEfiMH8t5Uaj1tWYjGhaAdgFM+N8apXh0z1oWVzDcbWvYmCwCDECTejWckAQqh9MbSa9tqnNrXBg2YSI/FeHJeyxVnVLz3ZYNbwbOMb7/AIKuUWuLnOM3ideZc7XzklWwMDQGDIC6tOukszV3+S6boxRl9SZj/APE3HgL37bJyZWph7SwnA+epyekokGxuF3z2Ne0tdiDgR2FefRTHhjqdQAOBBaL0mIx937p57ytX6ptNXmvsrjl84zh2Q5vkfxLJ7ZUuFj4ywkk4YCOyDGIvDLUFNaD0l/D16ddmp16Noyc3gRI5rdLyHNn2HPjtXJspWvgl0UT1mdZhO1pN249hOqbAADJfQEylr9etq42e0NqMY9hlrwHNO1pgjwXU5kqTXEZZpuvLj69ak1x5YroWpv6FERvYzuy1plLMwYCL24efNOBERgiJIgJQkFVEkkCE5EQlZl1r6Zl7LK04N7b/tOBgcmmfvLQtKW5tCjUrP8AdY0uO07GjeTA5rBbXanVarqjzJc4uOoSXZYnAEmBjsWlWyWaGDM+/FdJ0cpQ6Z1TJg1gzO+3+Bc8bLw2ioP+IOaHmJBxIlt4aiJA7X3QnQBgBAXisNkc1xqPIJxgjW5xIe/wAG4L3LTqNVpEbch57V02hmyStfVyizpDgNzB9I8ybZ3SSSSWspxQ2n2XX06sGIh0bhB/KfBTPVYwi2ON0R7O8CRiC5wiJykB6a5oOYyM+F3+1xU90TgVHQO3dEHcwmB3Fx5KSpar6YyOa4jTegz/AKtYx3bq27Bc38e9arol8tE6i4H8TiPy3VJUgobQxxcN4d+IBv8A+fipxjc1ILkAq90wHzFQfVK8dLQ1CvTaK1GnUwwvsa6OBIkclI9K2TRd61hP0aIaOCqqKr2zq30e4Etpupn/AK3u7rriW57lTul/Qiy0Gt9k15N8Nc5zycADfMZSSDkFr1d8DLLHjGXjCz3p/VuezpzjF479Q54OP3lhqJDHGSpHRVKKqsjjdle54DHxy5rOLBYXCreeIgl25ziSBd5481LpJKHllMhud1l6PQUEdExzGEm5LiTnc+gwSSSSWJb651KQc0tOR9XkbKyGlnaJbiXHGcI1ARllvCcvHpJzhddeN04ETg10YGPBbNP17xE4Hz2KB0wPl9SuYLuZg7tYcxyJuFsvVZpj2lE0HHtUu03fTccuTv7grxKwbojpo2e0Uq2QJ7Y+rN143xmN4C3dsEAjEHEHdqI5LepHks1TmMFyenqZsdQJo/okGsOO3zB5roVyJM4LqUwhbag0AE11IHdmnhBETigkkiJJFFJEVH62bS5tmpMBgOdJ33WSBwl3gFklrqw0CAZvZzgWxBEHMJJKP/3XL/C6gEt0D1cLvse0F4BB4jDgulVob2RgBkEEklGrvGgAWCSSSSK5JSXRt5FppEbQ3kSAfApJLJF9Y4jzWpXC9PJ/K7yK1TQR7Z+z5TH9xVjGSSSnyvIxkoPpN/wu5eYT9H5JJIi9Fp/UfHzAWRdNKhNrqScroG4XGnzJ70klpV37McV0vRX98d/If7mqESSSUSvQkkkkkRJObSDuy4SEElUZq1zQ4WOSZQqkg5CNgAznUMFuPQG0OqWGkXGSA5g+y0kNHIQOSSSkov3l/Nef1JLtBUxOJuPJ/oFYQkkkt5c2gUCkkiL/2Q=="
8;Captain Marvel;Hero;95;90;25;75;15;Magic;https://encrypted-tbn0.gstatic.com/images?q=tbn:ANd9GcQPcT4gU793xLn0KB6I_zKOSkswoToauM8OKg&usqp=CAU
9;Hulk;Hero;100;40;10;90;70;Magic;"data:image/jpeg;base64,/9j/4AAQSkZJRgABAQAAAQABAAD/2wCEAAoHCBYWFRgVFRUYGBgYGBgaGBgaGhgYGBgYGhgZGRgaGBgcIS4lHB4rHxgYJjgmKy8xNTU1GiQ7QDs0Py40NTEBDAwMEA8QHhISGjQhISE0NDQ0NDE0NDQ0NDQ0NDQ0NDQ0NDQ0NDE0NDQ0NDQ0NDQ0NDQ0NDQ0NDQ0NDQ0MTE/NP/AABEIAKIBNwMBIgACEQEDEQH/xAAcAAABBQEBAQAAAAAAAAAAAAAEAAIDBQYBBwj/xAA+EAACAQIEAwUGBAQFBAMAAAABAgADEQQhMUEFElEGImFxgRMykaGx8EJSwdEHFHLhgpKywvEVYqLyMzRD/8QAGAEAAwEBAAAAAAAAAAAAAAAAAAECAwT/xAAhEQEBAQEAAgICAwEAAAAAAAAAAQIRITESQQMiMlFhE//aAAwDAQACEQMRAD8ACUwimJGiQ2hRgTtOjC0oGT4ahLAUgIy6BWllIaqkSzbWQ4qncXtAlWxkZaSVVtBy0Rw686TI+aLmgZ950GRgxwMQSRyiR3nXqhQWYgAak5AQCULIKuKUMVvmBzHwXPMnbQzM8X7V8oYUhsRzHqdCPLOZDE8TqM5ZmJ2z0yyGX3rBXP7b7G9qqCZDmcj8oFviTnJOHdpKVU29w7BjmfK087U3zt6efj0h2H4XUY81NWbfu+oy+Em3n2qZ69RU3kqiZzhGOqBvZ1+ZCFBBbLLQ2Zsj5fZ1D0wDYG46x51KWs2eSQSYCcQR5jQ4BFOFozmgE6GTB4Irx4eMCC8YzyEvGmpAJ/aRvNIlMcRAJTUjke8EYx6PADQ07zwZGknNAHlo1jOc0axgDgY4GRrJFEQdAikyJFAMhTpyywaXMjo4eWOFoZiVE2iqVGPZYdRw2UVahlGFepzjqhsIvZyOoLQCox7DaVzGHY1c5XvEHC05zRpM5eI+pA0crSK8cpgacGZ3tRj7AU773Nvl5aGX15gO0CWq1N8x88/p9IjgGhh3csF3yPTWWmE7PgZsb6Q/hWGHIDlbUk6f3l3hqyDIuLeQ/eY71fpUDYbhC2sFv6fe0vcAgQqqoBbpv59JxAoXnD6DPK2X9ryLH45aaNUDXA5Qba977EyvlpGiqYVMTSekwHMBzAg3IIz+xAcA4NNRclkJVgdVI2PXwPSZThfaep7XmuEFxy3UFfUb3m8ZeYc6AclRScho+R181jz3Ojv7Z4HDxF5AHiLzqc6UtGFpHzRc0YS80XNIuac5oBKzRvNGXigEytOmpIZyAS80ehkSx6wAhTOgxgMcpgDxEZzmnRAHKsmRY1BCEWASU4ohFAuquhRlphaWekDwJzzl7hgNoyiWmuWkgxKwxzYXgT1b6Qh6siKjhesq+ICzGWFTFFTAsc9xcx2VM1FFic4A4ljVMCqCJYVoySssjYQDl44NGRXiKJQ0zPaDBHnD3ye9/wDCB+80YMA4zSDIrH8Df6u7+0FRQ1cUUVFQfhv9iCJj3ByRTY32v4ywxuFPIOX3jr6bStw3CyffuN8jYW8Zj4VF1huOFjyKpuSO7texvI8bhcQ5CGm/LfK2YNhbM9MtT0MhwtSkjNZgOW13Yk3PRRsJocB2uTvI9M1LqAgBtc3yBPTx2meuzzIrPtTYXsrXb32CZ9LgD5eE9K7KUHp0vZO4cDMGwABtlbP6zzfH4mvQbnDlkJ0uTyX/AA55kDS8vOz/ABUuws2ouR9ZOu86vPOtDiSA7qAAEaxsQTckmxW91FrW6we8JXgxavUxKZLURA+pHOtgCRtko+MkXhj7FT5Ga/j/ACTnms958+AYnLw48Nqflv4A3PwgVSmwNipB6EEGazUvqosscvFeOGFc5hGI8FJjLRywjwY6Mpx8YcMURjLwCZTJFkCmTIYglBjrzgE7aAdUyZEnKVEmHUqEAjSnJUWEJRtrGuRtAGWinVEUAAoUyIbg6hBsTEaihRIEHM2UtK9eoOW95WPWtpEXOl472BbQR54jXb6Bs984JjX8YVVIXXaVmIq3Mer9FiXvQbiQOJNUeDs0hshcyBjJnEjYQCOKdtOQBQDjdcpTvewv3uthmLeolklMnwHU/p1g/EaKOjJudz1HXwka1PQitLgqWBuNR5EXHyMrsRiu4bdI8DkPJc+4MsvTTwt8IG6CxmVXA2CzUi17m8scClNGDM6qR45g+kp6DgAgnlHNYncDe0JXi6J3adMN/wBz63+/GOy3xDkaKrxNGVgaDuhFmIHxIvA+zdQJiQitdGvyE5EqQbX8QcvSU1XtFiGv3goOyqB03Oe0fwWtatTcnR8/Uybjkq+vWuG4ohSRqhuM9iLNlvosP/nUfUFH67GZH/qHsy9t0NvO1x9IJR40r5MbH4TCRdbj+denrcrfXUfOF0cUlVe7bxQ5g9bXzB8pksNx3lsrAOv6Qp6q3D0jl00IiLi8qMEBKOVt+EnMeF94COIhtQD4lQT8SIDiccSoYwROIoOhvtLz6Tr20eHGHfulQD1UkH9vlHV+Cm3NSfnH5Dk/ps3ylNh+MUr2KC3pNFg2DAPSa46XzEc/JrNL4ys+xjJoOKYQVFNRVs498fmA38/rKO06cbmp1nrNyYsmQzns49ElJSo8lRxIVWSBIAWmIAj0xRvBfZyRKcAPWqSJGWkaGSQDvOYpy8UArKbkkS6woCr4zN0KtpaUMUDlKhVYKtzLGnTIW0EwJGplorjWFvCzOqLiGDshYzMVTnNjxfEDkImMxGsPN9jknpExkbRM0iZoAnMjYxM0fRpN71vLLWK3ijKdBm91Sfp8Y2sOQ2Yd7ZdfUyGu7hjzEi3pYeEr8RitWOpmd1aPAjE47YHPc/oIHUxXKLbwQPqTBHrXkHE2NqXAJ2z9N4Ij5GRPXJy+EHqsUbwP0j9q9GYinfmA3z/4g1HDFhcaSwSpmD0+kPp4lUFgEA1zUHX6x9sOWAOHcHZzYAk+H69JaDgpSm7BgSr5WzGVuYA72kTccAyuX07osiZeC5n4yVsZUdTzrYEZDQAeUjV1VeFthcSqupfvBQbjw0N/jGcY4CSPaUDzI2YA/STcFohg7MAToV/7esLweCqpf+XrDM39m23hY5ETG3mvDTnYzeDNRDZgfK00eAd2sBlCv5msMqmHUsNxl9JYK91uU5L7aEQ9pk473SvLll96QZ+FU21sPW30lHi+IsrlDkL+sg/6iRqZUhWtOOFUTkGz84VhsJUoHnRuZNxv8Jk6fECDcGaHg3G8+Vjrp5yddPK/XHc2YJB1IgdZBe40Ofkd4q5Vu+nqIXwWt74KK9rEBgD8OkMb+OhrPyiFAIjLpcTQfIoq+mQPiRmJA+EQ5q1h1vzIf8WoPnOiflzfbK4oCnTvtCDSIhlJFU567ePkd4zENeay9QFAiJiZDOERh32k5zTq0SdpKMMRtF0TqMGKErhzFF1XGTR4dh3zEqEaH0HlJaPDNcQtXa1hBuFU7iXCYYCadnGPwvfCrxODLCZzF0GBIImsx+OFPK15nsTi+Yk9ZNvVzPFC4kTQisc4NUqAAk7RGjq1AguczsP1PhKmvjXY6kztZy7H7ygeJxNsl0Ex1enBT4prd5rnp0ldUcnPWNAJ0kjAD9ooYStVMFqP0hdUZ26xvsbR8V0LSTc6/TzjaicxJOm0LKegkDdBpEAjIy6Zx9Nx+Jdev7x2IzNukgqvYyjkFjEIvuqB6aR6Y0kgnSVpcdI/2tzFYc8Lrh+MKVfaLpuOo6TX1qK1kFSmdDna916g22mJ4S4Lch/F7p8dhL7gy4im5KCwuQ4PukdM5hrPlpKuMHha4Y3qkqdiSbeUsi55rN1+85E9cEXK8pjaeIUtnb16/f6RX0FfxnhYY8w1/WZeujIeVhN09ZcvMfCRY3haVBYb6f2MJrnsXPWG9raEYbGEEW2knE+BVaZOXMvzlSrEHMGaclT6bvh/EcwL6ywHECjcynlvb1HjMdw3EXIsfS+c29LhvPRDHXb0nPqcrSelTxzFAPzDe17ZSXg/HShtfzGx9JnuN12U8rZEZSrpYo+s0znsZ6vl7Fh8WHW6AMv4k6eKHYw7CVUte9x8x4GeWcK4waZBDW6iaheJgFav4WNmF9D1A2jzq5v+HyWNi1MHQSVcEOkg4ZiVdAQb3GvWWyLlN/l1HxR0qCjademDOu4ECxGKtkIdp+irgAzkArVrxR8LrF0UlxgcIWIkWEwRMvcFS5bCaTyyt4s8DSCAXOcbjuIhchEgvI6+DDZ7yrlE11S8QxJbMylqVpoMfhe7a0zuIp22iUHd5W8Qq93l8c4c4MrOJIQbHKRr0FdUq2HS8iShfMxzLdvIxtSpbKZKjrPbIQeo8ierrBmqGCplIjktDLZQGiPiYarWAvKhVE8awy8pI5BjXXL7MZK9EN85BUzJPjLAiQMluljGuUFy5xypJrC8nVbm8Q6lwOF5rXNrbzX0cQVVVvoAD1PnM3Qa2Qy0/vLSiFyLHbrMte1wfiMUbQOnXY5X8j+kIQpa2f1ESuhGS8vS2cimkSuxyOeYllgef8By3DC+fgYFh6yjpr5Zw/CYghhIqonxNCuAxcX8tLekw/Haq81gvf38J6olXmQ33Wx+Fp5H2jyxNT+oH/wWPHnR69D+AUwGDN10m1p8QIFr5DbaebYbFFSCNv8AiWlLj7XIZcvCPWL1M0720qjnS24J+czqVLSfieNNRy2wAA8hA7zbOeZ4i3yMSuRNDwjE3Vk/MPszKiqZYcOxXKwN4tZ8CXlb3slxgISrMSul9x+039DG3GTXHXQ+oni4pWbnRsj0Ntes1nZziNT3Wa42J/Q20mfblfW8qOW0jRgyfOHcKKlbHUfOF1mVBc2m2b2diLPKmbhpAuxtFOYviQbITsfkvDP4Cqcpd0rWlPhMIRLuhSsJrGOuJEJkgUzqZSW0qokRPSUjOZvjVNEBLG19BufKaXEOqIzubBQSfITzHiXFTVdnY6XsNgNgJGtcXI5iuIhMlFifjbzlRicQWJv1+UExOJBJsc9zB3rXN/nMb1UnkW6WueovKzEVM4T/ADXMtjkRp4yuqGCpDXe5jVW5tOE5wqlSsPExw6kope5juYHON5iclyjlTa8aTS0YWO06wuSInewgHGEjqmNNW+Qvl8JE1zBXDyBrbOOvfTwnEpDcztS1storRIdzN0tpJl5z1g1KuYbQri2f95NUIpJUNsiB8/OFU8K+vMPDOMw+Kub62H2IYMUu8i9NJRTS5+/1llRrgfespnxVslXy8IRRrbN66SdKjQUsXbX95nuJdj8TVqNVREZXIZe+oNrC1wfKGo97W626z0zhdJXpI4y7tiOjLkR8RD8U/Ya7x41jOx2KpJzmnzAaimedlHUqNR5XmZqVDmLW+959Krh7Sn4r2NwuJJapSHOfxp3H9SNfW83Zvn4RGet4n+FuH/DXqr4Hkb/bKjG/w4VQeTEkno6DP1U/pH07HnUQciXHFOz9eh7yEr+dbsvqdvWVOcCHcNxTcwXa41m5w45CGBFxnrMTw+mtrkeU0+ExBZQPS0x3PJythw7jDIbXBtoL58u0t61dquak+KnUfuJhKtQrYg8pHzG4hGG49yH3s5M1c+Yfv22S8OY+8bTsZwzigrKCTym2nW0U1/65L40bTpDaEKsraVYgQhcXtOnrGxYIoj7iMpC4iqHlBPSK0pGN7f8AFSqrRH4+839I0+J+k88xVey267S07UYsviXJOhCjyA/cmZ3FVM/KZavacNY7yAPG1amUGV85LRa+zDAW1g1aiwzk9LEDlkdaplbcwE6hw9ge9D0PPfltYfGVNSE8JpVGqhaSM7H8Ki9xuT0HiY5CvpYBBbxkLEwvF0WRypFiCQQdQdxA6otElEVMZ7O5zJkpe20b7Ya5fWOKL2VvpGrbWMetlrIwxtlcZxiJGqCRM99J32RJ1+c7WCqLDMneJSFG+sejG97GMD5/f30iR2OmkYGo7HwhCMRlf6yvubTivf7MnnQtqeI5bjXxvYydMQDmTKNnNtMusmpYkZDWK5OVr+GsX90m39856Z2Te9Nh0a/+YD9p5xwFLAG1tOYek9E7Kt/8ijQBP90xx/Jd9NDGVnsIiTK7GvsTlOhIXEcQAMrqlYMYzEDPKPoUt5fEdTUl6Tz3t9wRKTpVRAoe97ZLzDM93S5vPR6SiC8d4cmJotSc23Vt1YaHx6Hwk2dN48HAsy6EWI6HcfrD+H4ohrDeVvE8HUw9RqdRbEf5WGzKdxA6dY6gyLnobPHVeei9j31FxMumK5Tdjc330kmDxJubnVT8bQjgXD0qIS63Yi4O/haTJzvTWnB8fUzZVXPVnLXPkB7o8Io7B0jT7tQcvQ5cp8jpOSLD69FCEwrC4MnMwynh97Q6mlp12spkIitfKT4hCUNztCQsH4lXVKbu5sqqSfICK1XHgnGHtiagv/8Ao/8AqMra7ZmT8Wq81Z3/ADMW/wA2f6wN33O8zEiGo0hkrNI5UM5XIlngMG1ZlRPeY2A1uYDhsMzsqIpZmNlAzJPQCe09hexf8qoq1rGsw93UUwdr7t1PoPE50M7gP4XsTetXy/LTXP8AzNp8DNzwXs5RwyFKScoPvNq7f1Mcz5aS+CiK80lmfTP4W+687/iRwhQqVlWxJKOev5CR11Hr4TzR1PWe69sMGamFY7Aq3pex+F7+k8Zx2G8LEazLV8qmeKojrFzDpHMshdvGB8cblPSdDmMci2X35RqvlAcdZDe18uv7TlwsY9SRgEwkM3muY9WtHKm0ci7Rki5jO80IFOSLQEXQF5WOWcteF4NQwZu9npsIMyWhFHEHQZD6SdXwcbPCEXv1E2fZGuAzqfxi4/wf+x+E83wmLIA+95ruFVijI/S1/XI/Wc+f101vmN7iK4AlNiavMZyvibwfmnZIxtLkG8kVukiIj0QmFokPvOFoRTwpMkGFk/JXxU/E+EUsSnJVQMNjoynqrDMTyXF8PRKtdEPcQlBfMkhiQb+Sn4z3dKNp5f2x7FYim718OrVKbsWZVF3Qkkm6jNlzOY9RvF0XLE0X5SDJcPxMp7uQvoIThezGMqo1RMNVKrr3CpP9KtYt/hBjcP2ZxDDmZDSF7A1Aycx3sCL/AChZAlbjrHf78optOzNDB4Wjy1qaVapN2d0U22AQsDYW+NzFJ+MPj0ulpCFiimtS6sznbr/6b+af61iiivoV4bi/eMhOkUUkkDRgiilQ3p38G6KmtVYqCQuRIBIz2O09YMUUefQRzgiiipo8bnhal8+4/wCs8Y4h77fe0UUnX0X9s5iNT5wLrFFCD6MM6/6zsUdCAa/GEJp8Ioo6Dm09Yk/b6RRSSp4i6zkUDdaOTQTsUVEWmB1E3WG29Yophr20+l+0SRRTr+mYijCViimdaQWmkfFFCA+lDKcUUZU55hO3p76f0tOxQEYQxRRQW//Z"
10;Ant-Man;Hero;60;60;5;70;10;Speed;"data:image/jpeg;base64,/9j/4AAQSkZJRgABAQAAAQABAAD/2wCEAAoHCBUVFBcVFRUXGBcZGhocGhkaGiEaHBogIBogGhohGhocICwjHRwpHRkZJTUkKC0vMjIyGiI4PTgxPCwxMi8BCwsLDw4PHRERHTEpIygzMTQxMTE6MTMxMTExMTExMTExMTExMTExMTExMTExMTExMTExMTExMTExMTExMTExMf/AABEIAOEA4QMBIgACEQEDEQH/xAAcAAACAgMBAQAAAAAAAAAAAAAEBQMGAAIHAQj/xABJEAACAAMEBgcEBwUHBAIDAAABAgADEQQSITEFIkFRYXEGEzKBkaHwQrHB0SNSYnKCkuEUFTNTogcWQ7LC0vFjc4OTo9MkVLP/xAAZAQADAQEBAAAAAAAAAAAAAAABAgMABAX/xAArEQACAgICAQQBBAEFAAAAAAAAAQIRAyESMUEEE1FhIkJxgZHwFDJSU7H/2gAMAwEAAhEDEQA/AOXLFw0LMW0SGkuddFqDvRcj96XU13y2b6sU8Qdo61NKmLMQ0ZSCD62bKbjHdB0LKNosmh9JPJYy3yBIofMQTbUD1ZcSuP3l29/y4wLpVEmBZ0sUDg6v1WHbl92BG9SOMS6EmXiMcR5jb64xVUgxXLZbOjVqKKq1qO0nxHePNVi7ztYLMTMUYcRtHh7opvR+yhg8vIrrJwB2Dkcu6LRoSccZbZjEctvd84hkintEpyaf2jbSlkWZLZdhFQfstn+VqN+ERSrColkhx2Cyuu9CLkwflx/BF/YXQRsQ15o2DeBximdJJfVT7w7MweJFAfEFT+Mw2CX6WGS5LX7lA0zYmlTHRsbrEV30NAe9aHvhS6EHlHR5+jhaJdc2VQCdpCigPO5d8IptpsJGYoaEHmpunyunvivGxozvTF+kdZlmfXUHvGBj3RL3ZqNx/SJZkusnij+TfrA9hH0i8/8AjzpCTRaDpohtEq47L9VmHgafCPZQowIzBHvhnpuy3Js3mrjkwr7zF8/sx6IhgttnrXGslCP/AJCNv2fzbqJKSirYJKnQT0j6KTbVOlzEKKgSjE3ic5hwCK1TrDOkQSejCWdpbPOeqOkzCQxrda9TFgccsov2ndKJIl1ZgCchtO+OV2/pG8xyRWmyOaWaXZoNxjxXR5bdAyCpX9tumtfpLPMQZ1xNTCWfoKbLXrQUmyxj1kokrQ5GjANSuFaU8ocWabMKtMxB7K8z2iOS1HAsDshhYbK0tA8s1Zqs0k9l1OGFcA5G/VINDnUGGed72PLHUOfi6CrTYqPZZO0hAfxFV/0xebbKvOe731/0iK1YPpbZIemABOVKXVJAocRrbDiMtkWxlqSeP6fAxWU7qvg5PUOwNZftbizfAeRis9KJFJYQZkBAeLG858k8Yuiy4qfS1ag76UHN8/6fdD45XIhjgco0k1WYjI4KNyjL3RNoWzkJNmqNfCTK/wC5M1SR92Xf/NEduXE7sflFlsFlKIiqNaUgPO0WjVS9/wBuXid1DFJ9noQQvlaOvEhMieolH7KfxX72r4xDpWzBFYjAEXV4S1+LEe/fF00LYVoSvZQdTL34YzW57KxX+mEo9YklBruRhuFaKPH3Qt7oZ0kJtCAypMy0U+kc9VJ4EjXb8K+eEQaQIlS+pXOl6advBT4+J4Q1tLqgBWhlyVuSxsdq4t+JwT91BvgX910FZtaAdbNO37KcyT5mDJUjnxvbfllW637A8IyH/wDeMfyJX5YyJ7Oj+SsCJEMeFCMDnGARkSG+jbZcqhOo1PwsOyw4ip7iYPlzLkxXGAY5bA20cjXDgeEIZbQxsz1BQ5Hypke73ExVPQY6Z0GwW/q3lz17OTjcDgT54xdJ8vETExprDiNo9b+Ech0VbyKy224UMdB6HaUvqbO51lFUrtG0c6fGBKLq0JnS1JfyWqdNF1ZgxXbxU4H1win9KkqhTMoaA7xSqHvQ+KRYdHWkVeS3GleOY8ce8xW9MOMFY4oeqfliZTd2uvdCY41ITG/Al6OaSMtzXLaOHqviIZad0cjkumRN7xAVvfLMVa1oZcwNliytwZTRh4XW74ZyNK0Qy32UIP2Th5An8kdN7sM8TvkhAZP0jy/rqQOYxHvhNIN1wx9llPgRDW3Wmk1WGxq+ePxge0SQZrKMmJA/ENXzIhJbKx0ky527QIn2qySz2Z0q43KVMDP3lMI61LULdUAAAUAGAAGAAG6Kt0a6t5Mm0uQolyi15sAt9FLkk4ChVqwg0n/aQsuexlymmSgWW8SUFNQKVwPtB8CAdZcqR5+ae6ZTi8kqihT07tzTLU6k6iG6o98A6J0dfxph64QvtGkBaZrdWkwvMYtcKotSzZK3WUOLAY0ziSw9Kptzq7PZ1qQdd5mtljRQBTI7TtiMZLtmlhm3xSdlwkWEiWtRjRmpzNAPBV8Yht5mIWZEDXTgK0F0YavIAAQjs3SG3IQZ1md0VGUiUxyotHZMbzKEzwwr32rQ2krPbZTGXMqwSjI2DqTW7q5021ywzikJJtsb1LlwjBqqAuj+kDLmJMNS0wl5gzOvn4AoByAjoktcAe/xx95jm0qY0uXMJBBRFTCmrQsz55vcQ02YCLVorTYmPLkEETAoLmlVNMBQ7MQTjTIQFJo5pwUiyXYqfSdKg0zxA5nDyGMW4wg0pKvdwJ7zl4YjvjoxOpC4420cntNnUTBeGqDiN4XEjvPvhss1hLUZzCTMb/uzcFH4JOFP+pG2lLGAxqMKgU5nLw8jGaPls8y9SpreHFmwXwHujqq2dLaimy46CkqkssxpLlKRU5VGtMY+t0c7tFtM2bNtBqGdisobVFKE81TD7zCLl0wndTZZdll9qZ2yPqg1b8zYcgYqOirEZsxQOyMAeGZbvNT4QkFtyJJ3G2M9FaLvFXZaomIX6znBRyFB3LxjzpPZSbshcWZrznYzcfsqK91Yu1msolqDSgUavDDEnuil6dtyr1kwY1wG+m7mx8hA58noTHFuX+f0J/3RL/n/ANP6RkKf22d9n8ojINM6Am12ZbbJa0SwFtEof/kShhfAw61B/mHfzq5SHq2tkmLPktdmKanjvw21GBG0GBdK9W562WAqt2kH+G20D7JzHhsjSRCKrQuUwVKaBgIkRqRosdoYB8mGY9eu6Hei9KMkxJimjKR4/rFfVokR7piqYrVqjqmnp+rLtkrssNYbjtB8x4wp0laxPAmLm4KsPtqLww3sBhxBiHofpNZiPY5h1Zo1Cdj0wHfTxA3wnZWkzSgNLx1SfZmIaqe5qV+yzQq1r4Exxp0/AfMTr5YIxaYtP/NKWo/9kmvMqIVXb8uo7Sgg8RmPj+eG0hPpmlS9RbQqzrPX/DmqSyrwpMWZKI3Ab4AkgdZfUURjiPq1xoeRw5rCKR3RSf8AJX3QkmucetMIIO0U8RiIc6UsYlzCBkRUQmmISQAKkmgG8nKMnYs8fFHS9CSzO0VdVb/VzphAz7IabLwOdGMundCW06JvusuWl5qUQAeJ3AV9ox0LotYFs8hbPdNKtedqUmN7RArgpphXYBDa2WhJK3rpqSAqqBedtiqMKmgOJIAAJJABI8zPjWSV3op6X1b9NfGKbZzrSPRFbLZROLVtF9MRkueCbxmanOgypSKfP0UDUy1vVJPVjtAk1PV/W+72t1dnSelsu0uqXnlqSxKSApagA1meZeBZheA1QAL3tZxRLSzIx6xbqmmuDeXGtKnNcto7zBeOPHjROPq8scryXt9guidOzZbKRMvXARQmtMKYg598OejloZprTlQIhvZCgqblRTeaE93GFVomTL2Mwtuva/herDjR2kiEII62Z9Tsqop7ZAogxOAxO7GsRUOPTOjP6v30k4pBbziZ5VsQZso8wZMw0J3XcIN0Q6JbgavVqDLUChpmZyreoN/iYQaVltJmaz33ZFYscAZgLbF7IpMwGwLSH2gnM2YjBQquwZcKHFqgmuWqTdG4k116RVWcTpnQ3OELZ6jWJyzPhU+Qgq1vs9cfIRF1d4UO3E+/5DvjpWtk8eiqWvRpYA01jU8mfD+lKxPobRwQ3qZHV4scB5U8RFkeSCtRtwXvwr4DDnActlUu7YS5Kk82p8jl9pYt7v4sDlzdFN6a600IMWIFeC7BzOJ7xDHQuixLZUI1lAL/AHjiF7sK/rHmgbKZs6Za5tKKS2OV7NRyUY+EHyLT1ctpzCrTCerU5mu0+/lzEFt1xRWWloE6UaRK0kpi7UvU45Dv90VjSuj9ZZbmgUXph+qMvzE0UDfTcYd6Kl3Zj2iZrNjdG9juhTp9zQgmrubzEbTlX7qiqr+NtohW6fFD48fGP/os/aLL/JH5/wBYyFv7JGQ3EpoUWmTcJK1pXEHNTub5wNU48Yu/STQylTPkVaX7S+1L3hhmVHiIqP7KT2RU5038t/KHaOaO0CERgEb0jwiNQSSU9MIJZKio9H9YDEF2Z9/I8R84ZMxLoy0BZi3mKgka4zQ+yw5Gh5ViwdIp5mG+QBMPbAyWYnap9llIYcGWK91FTd+t2T9rZ3Nlz5RPNtpZVvdtaKa7bvYJ4gVU7xTdAsPHyN2tXWSFdTSZKfrUO0XiBMH5xLfmXhuFSZPUrQS7ZLvLuSbU1HdNBH/kEVOwTQsy6ew9RyvCnlUiCZNoIXqWJBSbeU/VOT+5W/DCtbstF6GWmnvpLNKMBQjcRmDxrCS0ySqlhmMa+uNIsttll2LEULHXH1ZmT04FgW5EQLOspmUlLm1FHMmgr30jLRWa5Kzo+nzayg6u4kq4L5UnrQzDG6uAqGIIum9eUbyDroiyLKT9ptM4uyJMYlnLpKUgTHIx+oFNdxoKVNaz0n6WTGaZZwi3QZiLMqVYMt+U+A3gkg1BFdsDVYWOdLLzJkuZLH0h7dzqUlOQu0KyUwzuPSOKUZJW0cbVC/T3ScTLSJi9ZKJKgFixK1UMBMQtcXcVVcCpqSamGki0y5t8OVRlQK1cFU1Za7rl4EjKtOUcstsxhMarA41qDVWJxJrurU0zhrYdKtcck4EKOYWpx7jSE5NdAcUwy0aPreeW0xSuIBYXRhW7TA4CgJrStcI8sVitdxbocIuswpeBGZJABqKUxOI3xHKnuXD1Il3hMWahBCG7R1euF29muZoKZ0gCVpN1C3boK5G6L2GROeMD6GLZag7OJkwM9bqrUihqSdpqFoRkCBTAGoAufQqzsz32JPaNdmBuKV+zdC86E5Qt6N9HbTbLPImzpktJTCvViUCzSxqprVFLwBJxIIZcMIv9g0ekmoWpJzJpyAAGQjRi7A2bWmVXvP8AzTuEaX7xIG+78/Kp8IKtDAKT6xwEQ2SVTu95xPwHcYunonPSpG9owXAZCgHkAOeUVrpJOoqWZT9uYd5zp4405Q70jbVQljlLF6m9iNUfHvEVPR8hp82rnAm/Mb7INad5pFMcf1PpDYo+RsbOOolya3UI6yY2WoMTjxPlSAGczPpKYEXZKfVTKtNhancByibTFs60mWnYqL/GnYSu72jwhhouzgVdslGZ3+tnIbIWUuKOpQpcmKbVI6tdbZidlScaDjx2d1ISWbRr2iZlnmdgHwAGzlD22K06ZQDCuA95MP7JY1kpT8xgKXFW+xpz4qvIj/ulK+sfARkOv2sRkb3JELmURdJXphWcBJtI1SxBWVPpsmj2H+1mK7QaFPa9GhXMyUpoG+klHBkOeBHZO0MMDmN0Xa1WaTbQZU1RLtKjLY24ofaXdtGNMKg0jSlktFjmBXqQMEfPV+qdjLw8KGoHRB+AugrSPRUWiV10j+IO0tKdZTPD2Zo2jI5jhRpkoqSCCCMCDs5x1nozbg25WbCuatwPDdtB81XTbQoc9aq0fbubdU7TubbkcYdLdHO5cXRzcrHqNQwQ8umBiMpGaooNNFy1mMJbe3gn3j7PM7PtAD2jE2ktHky2mH+JLYJOA44ypg+y4z4wqkmh4e7iOMXlSbVZ2noAZ8pSk+WP8WWcS1BtPa4MHHtCFk/I0XqiiOpGB9bjBK2gs4agvCneRhj4R7aJYuBgeyacaHEV76+cQyELHUBY/ZFfdGHR0W1lXlSpi5TUCtvvgURjxIQA8jBWhdG0ZGpWtGB8DC/QGg7U9nuTE6pb1QZrXNUip1TrCjLtAwcxaGtqWaVLVwZnV1vNLrgDWpAI1gAdmOGFcolKSS0M8kUqbKbp2wATJ+4TVmod6TKg/wBV2FNrmqiS1OExgzoyjWC1piRmKg4Y5jfF209phZSmYgkS9QFWY33ZRrKAMTdNcKCnGOdaamzbRMmMGDTpTl5ZAoWVheKKN104fdptEJLI3HiRnJSRXdLutSwoa7sq1zp4wra0EimzdDNbRLm162qFvbQXhU7WXdxGPPOBbRotkeYlQerz2VGYYV2UiP7C+Ng0s0NcIJWZu2Yk++ILPKrjsh7ZLCnVmY7AJW7d2saE3RzAMYx9IaFswlWaTLGSSpaj8KAfCNrVNu4+vWBiq6G6UzCqS2RWN0Uo1GYUGQ2tiMBvhlNt4mm6NQjZMN07K+6h5mDFqzOIXMtF90XOgvt/lUd5rB5a4tTjTzPzJhXZJRTWYqSTsJ2CgFbtK5nGmJEez9IqzrLWtQcQRTE9kbt5h5OLaSZOpN/QPa7IXBvY1N5vgPj3CF9vJkyxLT+JMNW4DjwA95i0zQstCzHAYniYpVtn3maY+3LguzvOfhF8bcteC+J07ZlmAF1Rju3sTmTDu0TdUSkxp2iNpirWa0G9e7lHy9b4uOg7JRQxxY4/ry3d5gZIpbZeU6VhGjLB1Yqe2c+EJ+kOlwpuLjTPiYcaZtolSzTtHAfOKQlmea9FFSfVTwhIQ5flIjF2+TIP3vM3jwjId/3WP8xfAxkV/Ab3EK7PpaVb1CuVk2ley+SOefsE+qwZL0neJsmkEutks05cLxyocNbLflWOX2acUbEcxF50dpNZsoJOBmyhgGH8WUfsk5j7J7qwfb1r/P2FlJBszQUyyuXli/L9pTu3+G3xrnDRJizEqmtneltnxz2889u+CtB1lqqFxNlHCW42fZO0fdOWzdBFt0MAeslYHaBhXl6+UMsi6l/Zx5LTOXaf0SqOSlbhOFc1P1W4wgeSRnHWNK6NW0KcLswYH7W7DafQitWHo51k4LMFETWcjao2V4nDxikpLjb8FcUuekVrR+hZk2jBWEuuL02bboJF494FcyItmh9J2axMTLkT5kyhUtMdVw2gKl4UwGdfKJNNaZUVlSqKgwN3aAKAcBhCCZO1a5+vmY8zJmnLrSPUj6eCVPssU7pzdH0VhROIZB5dWa+UaWPplPnh1Wa0t1vajhKUwuNeRVN0GobKl5TgKmKZaLV3CIrFLmPMDSBrpjeJoo33ycLprQ84gpSfYuTDCK/Eb6Z6UWtZhQO1Q14MZaVulsqEE5AqQcipGyGySp1okCcbVMUul4LLS4q8HKDEAghsuyYW6WsnWqpQVb2QCD9kpXbRrq98o/WrL0Mt2pMkk6oN+mFbrYOpqMg2PN4tejga2U55swJ1ZAS6LjADHVFwg1yOGMS2u2NMRJ6AibJVUnUwqoP0czDuB3EKYN6V2Tq7VNAqVJDg7aNjU8a1rxMJZNtMpw6gHMEHsspwKsNoIja8G/cItKy5/wBJLos4/wASVkJtc2l7A+9NuY2iJBPUiW01Tit3rQMVoShVxky0ANMGBrQnskG32C6qzpRrKY0wzlPncf3q20RNJnzGlF6X7jG/XEFXWpvrtFUrXMZ4ZjGRkvQtoFSkvrJRJuujKysAaAg1z3g4jIgGGmkJISWZaVa7MljLNyjgmuQz8oElyZRlqVmGXXEqyFiMdjqdYcwDlzgi2zCqOVJKkyhfyJN2YThsrjtwBheWxq0GWnSNxRdCsUmNLPFQi0oR9oE14wxfTE4WdJsuY5vGjhiQEbHskY0rhntEVdgVlywfbZpg5UVQadxMNNAtfWbKJ7SXlGFK5E47cV8IMkgJl00fbevkB1mTCxUrruVVXAAKzOqu1UMakmurORslelbS1TnmATW6tpT4S0HViW4zIUe19rE8cYB6O6S6iZrkLKmUVyRUS2FQkwjcKlWG1HcGH3SGyZTxVSlEmDM3QboJPtFDqE5lTLbbE5xo6fTTXKpFxOmWtEtFbC6NemTHYeFd3OEFvtRmPdXL1UwlsmkaKRfFDtG451jJekVulQaPUh64EEGhUbM65R2+kyqUeL7Q3qMcccvx6ZY9CSg8wE9lfP1ti5tpiXLXA1+J4Rzewy5zLWXLmsp2qjFeOsBQeMTp1lQCGBOVQceW+OiUFN7Zzy2PrZamnzKZkmlBs4CLLo+wLKSgpePaPw5Qv6P6NuC+3bP9P6w4tM0KKnuGZJ3AbYlkl+ldHNObvjE8pGQJem/y2/MPlGRKkD25HF7dYHlor1WbJbBJyZfdauKN9hsd2+I7DaGlteRqHbuI3EbRDcpOszGYFF1hRwBfkzRumJs78thESytGybTrWc9VM2yWNQf+0x7Q4Z92Mdq0dDj4LH0a00rGmCOcGQ9ib4+1urjxMX2yTAy1XEbjmvDjHFls7y2usCCIt+gdMzEIqSeeZHx98DLh5K0QkvDLlb9HCYKrg3rOKX0l0l1MsywR1jkg47AaHHmKd0Xj95SzL6y+qjKrGi1OAB76RxbTWj7QZjGZOk50BZ2Wo2Hsbc89scE5yrizo9LGMG5P+AOZaSTXLhX16EaftAuEE5xH+7pft26zryLv/pERdVZw902q8MNYS6CpOPaPAYxPidDzo0slladMuBgqgFnc5IozJ9wG0kDbG+ldLinUWeqylzO1zvJ9UjXS1qlpLWTIYMCA0yYKVY1yJBIwAAABO/PAJUYDCCkjnnkci19E5v0cyWTgJiMvATAZTnubqjzEeWuZKSffJeTNBWakxAHlVNCRMlijJRg6llJFK1EA9G3+kmmtB1Dmu67MlzB/kg3pFZqTgT/1EPNZr08mHhCvT0aEVLTN+lDzJty0sFZaXDNl6yEAkqGI7JxIowU5YRXms6tlgfWUHyrNNkt1kiY0tiMQMiM6EZEcDBCWyzTDS0yGkv8AzbKAFPF7O2rzMu7DKXyaWJroS2O0zLOxoAyMLrowvI67mXaPAjYRB9kSW1/9nmdWHCkS3ahRlIIpMNAy9oY0NDiDWCpmjlOEmfJtKnYKypg+8kzAdzNnCu0aMeW90qytSt1wVcA5EVzGGYg1fQl0Nf3c1AOpJOHYai+FSAOApG1psqoAJxuSryMUBqxuqwKjNsb5xO88DCeROMvrFZmFUIXg1QQfIjviKUl7E484VQoZy0E2ieZkwuRQEAKuxVHZA9bYyzTWlurrmprz3jvGEeotcFBY7AASfAQfZ9EUq9pfqUFNUj6VtoCp7Nd58DDaS2LtvRLZrNL6wz5mNnQhyPrE4rLA21PlXdFo0XpETZaTSAlWdGUDBaEKOdJLI3/gWKXb7aZtERbkpOxLGzClW3sd8M+jE+izZTdnVmU4CqTf/iZolJ2dCx8Y2RTLVKmky3RbPPBKm7/CdgaGq+ziMx4ZwLbrwcE4MUllhWtGpdbEcVr3wHp1CJrVzNCTxprH8waIknsTUmuAHhgIeMV2SlNtUxzb9KzWscqWHe4jujAMaEOA0sMK0IFyYKHKsB6K05MkkGW1ADUr7LHiNhwzGOe8iI796VOTegYc0YN/lvj8ULrDZy9caACpPCtMOO4cDDWIdo6P9OZU0JKYXJhAILYLt7RGRwrXIihwyixvaVALSyJswjtDFV+AHCOadFrPZ3lslSHzrWhUgm6VwqTkbwOGIpTOy6N0m8puqmVvgEq2QdQaEgbGGAZdlRsIikXZK1F6Q7v2r63r8sZEf72G7+kRkPS+BvefwIZ1ktFlYgJ10vahwYDgNo7mEL0s9nmN1sg9W+ZlsKeA+IPhAWi+mTqAkwBk3EXlHdmO6HaW2xzSGmAy6/4g1hX74xrwYGm+Ota2x+UmqltDuTYJdpl0fBwMzj4nbzhJbNAzJLYDV37BzOwDOsWDRlgaW6sk5HlMCb1amgzoAe6tab9gL6dPkFCGKOpNLpowJzpdiEvUcHS2TWOTejj/AEn0qOruXry124BmFRXjmQOcUVirYgg13U2R9LLZ5VAxlIm5lUYDmACORwgfT9jabJKdRKtSnHq5jdWTtBVwjC9uOrzjmlPk7Y/Hjo+cDLEbXRFl050ZnIS8uyTpY2yqmcyY01WChmXiQfvNsT2fRjlqTaygO0Zgu3eYOIPA48IXkqGcWnQJLlliFUEnYBtg+foIIp66Yst6aq1BNdl8Y0HDDnEk7TEuSpSyimxppGu33Nqjjn7oQzJpJqSS2/Mwu2akhpoCcZc1kmChIMs/ipjhmMAe+LLp9r86uwzJ8wbcGnuo/wAh8IpEuYarXZ7gcPdFislpMwrU1MuWoPezzT4daYSfyWwq5JD6SFoLw8/Xox5O0aj4ileZ9f8AMDlxv93r0IMsU07/ADPwHf3DhEVNo7+CZW9I6Oumt3HeKjzjLJPaeqWV8ZoJ6iax4E9UxIyY9nKjcCRFktksEZe/1wis2+xUOFeBGBHEHzi0Z2c+XChbOUmoIoQaHChBGBBByMepMa7QgYQ0tr9fLM6n00sKJ4H+IvZWaBvyDjfQ7YG0VYmnzpcpBi7AcM6Y8N/CsV5eThcWnRYNF2yZYrA8wC7MtTlJbA43UBqafVqSOddwitBGmNeYljvPrCLF0rtSTZ4lysZUhRKl8adpu84+MCyLLdH/ADEpyO30+LQLKsoAjezHqp0uYezW643q2q1e417oMp6rGPKDqynaIjy2dssalGkDablyRN+laaCFA1FBxFS1Sdt5jAI/Yv5k8fhX5xZtG9DZukVE3rFlqouMzKWqVJDEUIzPxjTS/wDZrMkp1izxNQHXKyytzce0ajZwwjqUXR48nTaorf7RJlrM6tnZmW4oK0reZQRuGFfVYksLdVquAbwoxzGNCfcMNwEJrfLMtmU+wSD96lT+UEd5iSy6QI+jmVZQM9qn4gZb+eUahbHiFpbdZLrQVOriVAFSabVpnB2kelEyfKRZQVTLYM7nFwRgCmwJSoO2hI7Na1yU6zC8tZhWvZNO1w35bseBygQB5UwAijDZWoIOVCMwdhhbfSLRxqlKS09WvDLX/eqf/Ll+fzjIS/8Ai84yDzfwP/psf/Yv6CRLMH6Ke7MBJIUYuAaXlBxU8Dl3xe/7tWO0CtnngE+y2PvoffCvSXQyfLlzWUK7XQEUEVarCpF4ilBj3x6Upri97OGORN0DWfpHOKs6sEDtQKoF0IooqgbACXy4boxdPNfvnZkKYDfQjEY7wYAtNgeXLl0SouLeAYMQ1NbMLma4CtN5zgQTEc0DCowIOBB2gg4iPNkvk6MeSUHcWW+zdMJjEKKY0AN8XRX6xNCB+GL3YpsqTJq05SO0zk0WpxNBWirw8ampPEpkkClYy1zXWUEvtQ5iuHCB0x8mWWRJNJfsuy92/wDtLk1KpIZ7p1WLXBzB7SfrFf010wW2oZT2GVONQEYlmdSfqsoVifukd8UUzr1VvXVHCt79Il0dallzFe8ag53fkawy+yLrwEaS6L2tFvrImMKVZAAzoK4XlWpIxzphtAitsDeunVO0HAjfUHKO5aFlhwJiTZTM2JqxVv6lA84sCynGtMQMB7RuuPjFON+ROf0fOYpTMUw7hTDyx7oO0daSsxgdppw4eUdzm6Qk3rhlWd919AMabwCPKKtpz9lrNE/R9mQiWzq8sirkUwvyirCoxxGyJyx6K48vF2ViyzgfQ9ehB9nah4d/w9YQgnTFVg0tSktshUmh5kk024mCJNs9ej3eMc04NOj1MeRTVoeTmr/wfW3zgKdLqMR5evQiNLTXP3D5+qxNeB/49ehBiM9iV3aTMExQDSoKnJ1Io6MNzCohvJWXZJUybKcs9o1ZFQaypZGuXJyehKDPAMdohdpVcKxpaZlZNkGPZmVqDsmMuZzing4skFzQXYLPkfXjzhiyCn6+vXKBbM9BhSCmm4frC9nXjVIGcev+IkkxE7j0IK0XZXtE1JMvtMc8woHaY8APgIi029F+SirZ0vopYmaySVJol0tQZteYtXz9ZxZhJW7doLtKEZgjaDviOw2ZZUtJa9lFVV5KKD3RPejtTdJHh5JpybOQ9KP7MZ3WNNszI6F2mdW5uveZy5AY6reyuJGAGcc00toO0WYHrpM2VrUJdTdNACKOKqaknInKPqigjScFKlWAKkUIIqDwIOcahUfJgXWCZUOe4+0e6n9MWSxTGupMYK5BfcWVa0z+ttPMHaa9U6Qf2eWKdeaUhs8wg1eXgmOdZZ1fC7zjmOkdETbC5F5Zi1JDIdVqkKoYCtxsFz2k0JjcL3Q6lKKaXT7CP2qz/UT8i/KMgX96SP5Y/p/2xkamLo2s1vZTUGGGkdLzispxMYECi41p7WFcs18IrqNEr2lrowrdrhw+cd2VuUaF4+TqlvnWVwpqErd1WUii0BWhAocDmCa98cytoszTrRfeYrddNukC8pW+12humou0xwi2dErILbZ2CzXDymCuvWkUU/wyEaq0zGQxUxX+kXRmbKtNwa19b4Zyq3qG4wGQJApgN4rnHBOV9lMFxlUVd+GWbSXRmZLClGluhVSpEsLgRhdIBw7xvirdIbK0tFExjVyNQNeABF6pzNaEYViw6E0FaZkgFJhR1qpShIF06tGRvqld+cIOlWjp8tUabQ3WK1BJOIBqa7BgO8RtdoDUoun38CJml5DrAN9AfKCbBYZcxgBNUV+sCPdWAFFcYms1oaW1RiCKEHIj1tENQtnTdC6LmJL1Cry1FSyMGoOIz8ogtWm5lnYPJa9LOa1vKd+GzupFOsGnJks35blJgOBGRG5hk3fHtv0x1pd6XJhGIXssdtOHA5Q3LVC8dh9q02ztNeWxUgBrlQRStGpXOleBHGE021O4IJNTtrvGOEBNLxB9cYIVbwqIAT2XUoFbKmHCkRJNobpzEFWNCxZaceRy8/hAWlJN0y2DA3w2G6613HfCTimi+HI4ug2XP9YQStqhHKZtnvglZbHMmInaptk9ttVRElutR/Z7HwE7/wDrX/UYX2hKCCrSn0dmH2HPjMPygrolO3MIs1vFM4J/bQdvugWXY1IxEeTLGiitIDLxtILs7tMa5LRpjZ0RScN5pgBxOGMdK6CyUs6lno01xrGuqorUKpOzKp2kcAIqHQGRUTqYKSgcbGu1KV3UJfxjpGjrFLChnIG4bf0jpw4o8eUiGTI5Kn0Ohag234Dw298SmcoFScPLu3widKvevaoy2KPHbxzgG3zLxwevEn3nbFVjTZze2WV7egzcDgMT5YQvtenlXsLXi3yiuWhXQVo3Mig7q5wrmux7RNOEVjhibgkNtJ6UZx9JMoPq1p/Tn4KYrlptKnBVLcwAD+fA/lglXlJj1Zc/aYgeC0PmYxNOMhwlovBAF/qAv+cUqlpG7Yk/dsv/APVleXyjIsf96Jn1P63/AN0ZCV9B4/RzFYkQQW9hAyYn8P6xotlb6reEU4snaI7I7Sn6yUzS3oReRipocwaHEZYcBBlu0pPnJcmTBMUGt2YoYV31zB4xELK24wx0bYZjHUIU8WC++FeKMu0a15FGhbTbLKzGRMVFc6y0vId2qymhG8UPGG9r09bZ0vq50yXMXcVy+6cx3cN0WFdBWhhrdWeN+XXxrWNv7tzBn1X50+cJ7GMHKJQpGhplSQ6gbqEiNbTYmQa1DxXEeMdGkaPmJgHl/wDsln3mJGsDfzrOK5hhKP8ApMZ4Yrob8Wcpdwm0eMerLBxjqVmaSj0eRZJm91ovuIXyir6f0XK61pkhQiPj1YYMqnbcYeyc6bKnZQCMsbQXBpWiuIuyPZVoSXXrK0INABU1G7xiS2o0ijMuOaq1QD6w8eIhVpYHrH3BiByrhE26JjCz20syFQBWbLWhxBq3tDl7zC+1OdRdy4Y7yT7/AHxDYnIeWK+2p/qHwgnS4AmKBlcA8CRE5MpDRkiZTZBC2vgIXyoNRRSJtHVGToitM4nCCdJTD1iywcJSqnfm3mY1ssm/OlrvYV5DE+UYz35kxt7se6pp5QfAncjdHemZjQl3a6WoBizHJQMyfltgpREM9KS13zKueQYqo8Qx7h36Ktj5JcYnROhKKmjp9rNJapMVZZbaqhQVam1nc47Dwi+aOsnXIrgmhGR2cDHPZGkOq0JLlrSs2aQa4i6FDvUbq0H4t8N+gWlpctxKVXlhwxZAQ8qoFaoK1l8iMcccIrGbjpEI86bRezYDSmoO6vvgO06NUaxmEHgPdTKD59rY9gHygGZImuMSe8/CLK/LMpPyAJZJDVqWJ+s2HmY1Gh5JNBMrwAJjyZoyaDkPyg/CJpciao/iBeGXuWLX8SJTbb7PH6PSqZOe4D3wotfRqvZl04tMHuEM56TD/jr+Y/KFlpsto9mYvix/0wvKX/IytdAP915n/T/MYyNv2W1fzB/X/tjINv5G5SGj6JQj+La//ag9wMBzdASK4vaCd5mj/wCuI5en5TGnWKfEe+kHybbLOSu3JWp45QE5CuWOPYumdGpRGEydTd9G3wECNoCUpoHtHii/AxaktRP+EfxMP1iZHP1UXvJ9wWGWSS7E92HgTaN6LS3xabO/Mv8AthynROzj25p5zPkIkVxtmU4LQfMxDaGsv+I9T9uYfdUe6JynJvsomn0j206NlyEJlmYP/I0IZuj1m416xt2sx8YcfvexSuyqV3hR784DtPSp2wkrht1CfcfhDRlMokl0hLpaxJLQBVRZnMK3heqfCJOifR8z+smTUIVQQtBRnYjMVHs1B5kQHpLSTz3CrLll94rXvLOYtuj5k+Xo+7JEsT0vVvHVFXJvEnchrjhh3Qcs5KAJOkc26cWQhcWVgDTE1XEVUqcbtRjTDtbIo2lHqwJzKS68xKSvmYtOlbdK+kkI3XM7X5s9ideZUt9EAf4dT2mBLEYUFIqlvSgUUoRgR3kDLgojjtvsm+wVGIxGYxHMYiGOngBOYDINMA5CY1IWHI8oY6XNWrtvTP8AMD8YDGj2DyjBKvAqCJlEIzpT0FaMm3ZjzPqIx8qQNZWoI2kGkuceCjxakeWZ8IzWhIf7mEhzSJbel1ZP/ZU+LzIimzRdMFTpLzUlGWpYrJo1NgR5lSeAFSeUGC2DM9Dh7UGkWdBS7LlMTX67PcbngiRYOgh6y0sopeSWTwxK1z5iKDaJBSWrBidY1zwPoHxh/wD2eaREq2yizUD3kJ+8pp/UFg8VyUn4Fx55wi4xen2dps9FFHoDwNPdEq2kDLzr74WWkit5TjziFrSTmRHRpnNNNu7HD2iu0eMDzJ3KA/2habDELWgbAIW0Lwl8k01hvI8PlC+0zt02nO6f9MeWm01yivW+yrMrfr3UhotPs0YyTGf7S389fyD5R7Fa/dNn3v4j5R7Dfj8ldk9g0jLlqBeQHgR8DDBNNqcQwpvoxHiKRytba4yPgAI3Nsds2J5mHpMh7KvZ0ud0mlLgGdj9mijxzgGZ0oduygHFiXPy8opdlVmO2m/1hD2yzZEsa1XbhlD1FBSUekMxpGfNwvvjsXVHgtIJTQ01hXAc8IWjpAwFJaKo8f0jUWydM7TEjjgvnh5QHJrqkUi5PYTabJLSt+cK7k1z5YeYjywWtpZrLBO4v/tjJcqWMZj3uAwHz8IMS0ECiBZS/WOBPIdonvEK5ospeAqxWWb1nWu9DnQjP8PoQw09Ka02ObLWbdcrqhaKrEYhWzqDlStMYAmWuXLSjax3N8RkI2kT0u3ivECJSlyRm7Oc2q1IVYKCoqbqGtUxyNdoFBXPCF+kjVVNf1w/WCOk2rappGAY3qcx8wYXyZl4MGxpiK7MaYeMc6hx8jZMzyVaSpVoEaDNItUqeH+la+cRySt/WS9nhUjZWJp7oaEqx3a2WFCMuHuhiSBleCJkp0ALKQDl3io5HgcY2soll1+jJAxNWqCFBY1AAwoIleYcZhILFqY0qSQSzd1R+aBQ/M8lyHMtxShYrnhlG3UqqKrAhzUlq1KjJQFrSmBbeQRlTHSVMcmqnvOMHvar6GXNulgLyTFzH2SMqYYjjXHCBauguM1HlWjWTYpYALzL5IBuoDTHGjM1Kd1YY2e00rdW7LZAKLWj9pSftGhpXLCkJrFaLprdBOyorTuOrXcSK7one2PUs2sB2qYkbsTnuhibbZKJilLjVxOABoThsJBplu2xvLehlkU1CrKSK5GuzZVflCN5pZr2WOHDlD7RUgTDU1oBUitO7gOVMIWSl4HxcL/O6+jqll0wry1avaUGnMV+MazZ9cQacvlFN665kKAbBgPKDE0qpFDhF6ojKI9NqI218j5xC9vptI54evGE8y17a15QO9vwzqIAqlWhvNtrb/XrjC602tzv7vXxhdMt67DT1uiB7fTMiMhlMO/aOfrvjIWfvBfrLGRr+huYrlrJX2Sx3saDwEY9uGUtFHJa+vCA0AOYw8ILRwBQACG5UBmtZjHEk8K1p3DAQdZ7L9c90AtbQMB5R6sxzmbo84PN0THAmyl4nx8oIW0M32RxxPcMhCWVOUZeJjY23d4mA2Hk3ofJPVMdu84mBLTpUg6tanbt/QcoUvaicsOJ+A+JjyUaY7dpMZfZo1FjKTa9YF6k7BsHdtg62aZAWgOPA5czv4CKtabVjh4/KNrIam8chkN5jSXkunfZL0qk68twcHljnUUr/m84TyQKniD8/hDTSNoaYFa6WChlvbsQagZ5CnfCu/UkjYPj+sRfZuP43ZHKxdaHMjHdv8owNhs8KwPEktsDWNQiYQloIOwYEYKoz5CMdsAdkB3jG6uRGo1hcmddFMYxpuJNaGmH6QGrGMhVBJ2UlmnKPF9ExmHZE0qZdRga69PIgwII2EOSJ+vGQUU44k9/ygzRluCNldrhnhXZgcfOFlI8rGDZbzpC8KDPdt/X1nnAn7YTCaXaSR9oeY+YgpLSG20O/YeY+MPGQ3ga2e1kRvMtQOfrvhRLmm8FNBx2RKpBHbXbtjMXimSzGr2W7j6pAc5jtBHL5frEhUGuuopXM09VjV3AB11PCvz9YQeQONAtftGMj3rF4RkazE4jSZkY8jIAEZZMzE83Ic4yMjMRnr7IjmZJzjIyCGPklbON27JjIyMAXGDrP2DGRkGRVBMnIQotHamcj71j2MiT7N4F5jaXGRkYBpG0ZGRjGGMjIyMYwxvGRkYxhjwxkZGMeye0Ill595jIyCuxl0yduyIwfCMjIYCMaB5kZGQAkcZGRkEB/9k="
11;Thanos;Villain;95;70;90;95;10;Healing Factor;https://i.pinimg.com/1200x/37/ba/53/37ba53ce53050fd8d5835cab88f06ecb.jpg
12;Loki;Villain;80;75;100;90;5;Power;https://s2.glbimg.com/jIb5GhGjXIDZ2sUreb16EZE-TkE=/e.glbimg.com/og/ed/f/original/2021/02/24/screenshot_166.png
13;Green Goblin;Villain;75;60;10;80;5;Magic;https://www.cnet.com/a/img/resize/08601f4830201df216b9aa599a4a185e3eda070b/hub/2021/11/17/ce84a802-b3cb-4c87-a401-268aadb9eb8a/screen-shot-2021-11-17-at-12-54-53-pm.png?auto=webp&fit=crop&height=900&width=1200
14;Magneto;Villain;90;50;60;85;10;Speed;https://atualinerd.com.br/wp-content/uploads/2021/11/X-Men-Magneto-1.png
15;Venom;Villain;85;80;10;65;40;Magic;https://encrypted-tbn0.gstatic.com/images?q=tbn:ANd9GcS1mszBd6sIH1Mh3lXcVj8_CwiJ1Glur3HUdQ&usqp=CAU
16;Doctor Octopus;Villain;70;55;5;85;10;Speed;"data:image/jpeg;base64,/9j/4AAQSkZJRgABAQAAAQABAAD/2wCEAAkGBxQUExYUExQWFxYYGR8bGhkXGRgbGBkfGhoZIRscIRkfHiwiGxwnIRkeIzMkJystMDAwISE2OzYvOiovMC0BCwsLDw4PHBERGy8oIScvLy8xLS8vLy8vLy8vMS8vLy8vLy8vLzgvLy8vLy8vLy8vLy8vLy8vLy8vLy8vLy8vL//AABEIAP8AxQMBIgACEQEDEQH/xAAcAAACAwEBAQEAAAAAAAAAAAAFBgADBAIHAQj/xABEEAACAQIEAwYDBAgFAwMFAAABAhEAAwQSITEFQVEGEyJhcYEykaFCUrHRBxQjM2KSwfAVcoKi4SSy8UNTwhY0Y7Pi/8QAGQEAAwEBAQAAAAAAAAAAAAAAAQIDBAAF/8QAKBEAAgICAgEEAwACAwAAAAAAAAECEQMhEjEiBEFRYRMycYHwQlKh/9oADAMBAAIRAxEAPwAZYs0Y4bwi5dbLbQsfLl6nYD1rvgvDjddUXcnfoOZ9hXq3CcElpMlsQBz5sepNbMmTiedix8/4JuH7A3CPG6L5CW/Kqcb2DvKJQpc8gcp+un1r0cPVSuc3OOlQ/LM1fggeH47AMjFXUqw3BEEUNu269v7ScDTE2yNBcA8Lcx5H+E15BjcIVJVhBBII6Ebir48nJGTLicGCCK+qKue3XGUzVSRyRXEVblqZK44qiuhbq3u6sCVwSgW66yVcbdfGAALHYCT6ChZwS7E8E/WMXmYTaw8MejXT8A/0jx+pSuu3uMBunDggpZYyPvMxzIp/hXNB9NdKaeyK/qfD3u3B+0P7Zwd811EYL7SE/wBPlXl/FcQ3idjLkkz1dzJPp/T0qPezVGNaAXHMbEoDP/uN948l/wAo6e3Wg+CZyxg6bvmErE81I13gDeSAK2NYzuFBOdjCiJBY8+vPoaNYbBLaVFUC47aqCDDMNGuOf/bSSFAmdfvGJO5OzRaijL+pWwFz2jmbxJZRoLj77yDlHKS0dBuaIHBHIXuiVUT3VrwoIHzcxzJ186pXGJavd2cz3XIz3DBJJ2G+g8tgK2JxRO9W0njY7lSMq6nNJ6iPwqkYxXZnnOb6WhYXAtiLpyju8wzW5UhcokASNBop15kGhLoRv/x7HnTrx/tB3d3usqvbiLgB8R6rvpHQ0mXbhYySfKTMeVRmkno0Y5SatrRXUqVKQoSpUqVxx+nv0eWATdf7qgD/AFEk/wDbTlm2O0mfXpST+jvFgPctkwXUEf6Zn6H6U3kgQdzPtVsi82Z8P6I13JMcq+W2g8/lXAuddIoHxntAqKVUlmPhCgeJyeSiNjzb5SdkUW9FHJLbDgxClhDKff8A5rzbt9hguJYj7ahvciD+FG+GcFxbSWvCzoPDbVHn/NnBE+nzpT7VNcF10zW7hTwhsptmRuCFJQgGRooPnVMa4y0QyvlHegFdFVBatkkCRB5iZj351WzgdfQAk6b6DWtNmSj6FrrJVFrFBlzqrkEkAhSQSDEBhpM8pmtgHIyD0IIPyOtDkmPwa7RwErsLXYWugtCzqOIri7hO8y2okXbiWz6XLiq3+0k1pS1VeDuOuPw4jMouAkAyQAlxh4evgJGmsAA60snoaMfIaf0k4zKbdtRusv5iTk9xD/P0ryziD5j5KPqfwIH/AHU6/pCxJfHFQfAllCI2bvM0GfIKf5qROMg5Bl+N2yr6sQBr5D8KRvxNEV5HfZ3DKBcxF6VABC/eCj42A3k/CPett++LSm9eBVrhAgCci/ZQdABv5zVXa69+r2LVm3ozEEnmRbgiepLQdehpQu8QdrZRmZpMksxPTqd5A15ajmaXko6Gcef8ODiIul5z+LQtqTrodee1bjxgKHFpSC7Zs5IBBkGAoEBdNudDMNZLsqLqzGB6musZhmtuUcQw3EgxIB3HrUk2ivGLdMquXSxJYkk7kmSfeuavGGYobmmUEKdRMny3jzqilCqJUqVK4JKlSpXHHtvC8a1p1uIYZTI/L05V6hwjiSX7Za2RmjVNJU8/UdCK8htvW/AX3DA2yQ/LKTm9o1NbJw5Hm4sjh/D1PiSkWrhk/A3X7tKvZmy9zEXGusHNgKggCCXG/loI9zVWK4rju6/aAC1IzPd7tCIMgQzoTJAHpNL3D+L4hLuJNphlfIzG09q4wyrBlUZnQc5IGnOpJNas0Np+VM9F7RccTDJCkG6R4V+7PNvLy515birpJJJknUk85qXcTm1mZ1mZmec86zO1WhDijPkyObKjeUMAx0AlgPijy5DXmaHY/FKiRmyqTzJZiJ0E+U7xyHrWftHxO2tk21M3C8kCQVgAb9IMxtqfWk/Fm47w0kkaCeXIVHJPdG3BCMYp1sJ8T48zZUUyFUKCCQBAjQCs2D45dtxlMn2n01B+W1ZFwJykt4don+/70rrC3MjDMBvE85B09RUbZZ77PRuEcSS7CgMpyyM0GR5MNG9fXQQQDKWJpR7PSLwsuuXxd7ZDDxKDmFxQZ0UkAx5ba16BatADMdt6vGVox5IJPQv8fz2UF0C4yqRmVACQIOv+WYn5waWuyPGRd4vh7gDoHujMpfMMxRkUjQciN5iTGlG+1PEr72DcwjlVQnvBlElYbxhjsuhkb6A+qH2Vw7m+j2yM1orcgkgkKZ00OugGvUUkm26Q+NJRbZ6z2/4UyYl7igBXRDEaaZgfTWfKke6ubEYdCBJYsNZEqJ1ECa9U7bcWsPhySV73ulu22GzrmiPKc3PSSOleRX8YFxVliYyXCIIOzwBPQQdfwp21xoEbsc8J2Vt4i896/Ny3ZCoQTABjOxyjcQ66fRjRK5xThWGm3nR0ja3bzRyjNEMp6zp7iETtbxG5be7ZDtqRdiSAxKIpMbaBNPJTSt31skl2chgsqkbkKzGToIYREc6WUqehoxtbPSMVjuDXxlfwMfhuG2ysBJglkmCCDueUnelLtJ2TuW1/WLbm/aIlmnM6aa5jzA68uYrNhuHWbsNadgy7LcAKxrlJIGkk9I32q7hV+7Yd7iBkZZ76yZKuIJlfz1iZ1Bgr32MlXRTw9baWO8YAZ5QkBmAiYBB6x6bUuUT47h0V1e1PdXVzIDuupDIfNWn5ihdLJ+w0I1bvslSpUpRyVKlSuOPYMLhGdc85LY3eNTrrlJ8Kjfxucs6DNqAQs8cWwjiwnd6ETMu0c2uSWYeUheigUsY3HvcAuXXELqijS3bHIKOsaZt+kDSgPE+PMQyWkJ5ZiNNelbHJLcjFHG+ojhxTtylswzyw+yok+52Huar4N2ntYl8sQ4iC4CsJMAq6mQZPIzXn+F4JcvOBbyw+q5mE+YIEtodNt/WtmCwly1cZbQY3FjNcaFS3zBLeh669Kn+WTfWiv4YpfY99oWSxfbvnW0twZwGk6zr8CxLAho6ltdaDWePWG0762CWIEi4FgbEkpIkDp5Vsxq/rDi5eXNlEIH16SYIEDSAGkgDUyYHC8Ms5s3dJPXKKdKfyRk8d7QL4xhe9YPaC3vCdEdWB67GRygGCZMUS4D2Ms3MLZvXWdr90eFEZZGZiEnpIg+5mRtZZ7O27rhbYNpzqGtwCwBBZcmzkrmIB+7Gs0WucKu97mN65avKB3T2jlw97KBlbuzJtuAQCgIA+JdA0SlHy2aIT8VQndpOx9y0Wi4Mw+JDcRmA8wuoPtVHY7s9YxDXDiMR3aWdxBDNpoFJ816dOun1uHX3xDd5bbMnic5pmTAAYrBLHSddM3SvvbSxYtkvYuvnZpIAKEE75xsDodjroRpSuux0pNbexo7P4mwb62cOXZFJM3FGZQJEZgNc2ad+R10inW5hQ6shmGBBjQwR1rzT9F+HYi44M5rtpdT9wXHafOBA9a9F41xhMPZe6+yDbXUnRV0BiTAmu5E5Q2JfbzsrcFvvMOzBVTK9sMQCoklmJYAwPLWvOOGcReyxZIMqVII0IO46inbBduM2Ivsbr2ku2xkHxol3KuplSQgIIMCI1ikPFXi7s5iWYk5RA1PIch0FK3u0UjHVMaMDxPvLdh3KxZ/YsGk+AnNaI0MEagE9BrrXXHsKtw7wGClWA3K58wk6fCwPtS1w/FBGOYTbcZXXqsg6eYIBHmKZsBjV7vu7hDWtwRJI9SdEOu0kimi7VMWSp2gFxziJvtbuMGB7sKSxnNlZtRtyIB03Brbw7h1u1ku32GUgFQA2YNuAQB0rNxy7ZMLaJbWSZJA0hVG2gH9jWR+KxJeCSTCqNf4RHXXTn60t07YXFySS0hn45xFUCPbUFgSFdfhGXdT1U7ZdjrRTiyI9qzjrS5AIz6aZWMMDE6htNaUMFwrE31Xu7TsgmGjLbHM/tDCj3NP3Zzhtz/DsTZuR4DcEaEa21bwsOctvqJGlUi3JsnxUIpX7idxzBhEZVBAVxcUaGBclWA6QVTSedL1Ot6yt11W5OUogbL4SJa2RqZ862JwnBiItKTmO7u0AFo0zRyHLWlcG3odTSWzz6pNehXcJZhstld9D3I2gaklNBM66Vju4S0SYtmNdAqiNQNBkocPsKyfQk1KcTwy2N7ZGvNB0H8I69Kldw+w8/o+Y+1LRdAzwWW1mOVBpHeQND5bbCtWD4A9wA3YjkII0+6EBHh6Zv5RRrgvBAJuGGLGc2vjP39SdCZyjkNdzRtMMaso3tmaWWtRAGA4LbtugEkEsDGVI8JO6BTuq89YFVcNwim5fuZR+9IWZMBAADJ5nUk7mjGNJtsjkeBZzGAYmI30+dc4FJZhEFoeII1IUOQDqBmGaNIDAQIijSsFtx7OMlfRbreMMelVlNVABMkgR5b+sbGNiR1FPyJqJm7gNoRI86K4LGWrVgpiS5S4xYXXZnCsjMuVnJzIIVSG2BzSRImp2S1q5jkOrE7AAasT0GtLXaxLam2XEsWJOaZTMSVGU/CYAkaQTrU5bGjPgX8YxF97uGZhKs7Nlsuha4xkW0B6ZTq2wltRANLHblcQl4d8lu2AfCiXO8GnMmZbpJqu9eNh1vWLiIw6ZZIMTodOQrFxrF3cRluPDHmVBgeZ8RqUjXHIpRTHDsBxa1sclrxguSyqpY27gWBOx8W22VZ1anrizWO5P6wU7kxJeMu4j6wZrxHh+PNgEo37QXFPllVbg321z01Wu0SvaZHsq4ceKCtuZ/iSVY9CyH2pUJOVPrQE7QcNwtqxNnvHdrrKGLIUQJIKnKTJbcTy56ajcNdsjC3AwXvswyEgzlOWYI6Qd6PWuDYFyI/WbZjxLmtsJ0+ElRp8+VX3Ox+Ecfs8Vctt/+a2Cp/wBSGR8qKiwPPDpsRq0YPBPdaLaljz2AHmWOijzJFMn/ANKNYYfrABUnwuDNl+mVlMsfIlSOhE1ofi1m1C5pC6BLY8R85+BPbXeuUfkrzv8AXZhwvZlQFa/dAB+zb1O33zpM/dDCjmDtYa2rd1YU6GLl0Zo0Gua4cq6zqAKWcV2iJJ7q2lsHmfG/8zaD2E+dCcTiXuGbjs56sSfx2o3FdI7jJ9se+KdrwTJuBiNgpZ4ny0Qbcmpv7O2c3C7+I1D3VuMAYEyuRAw2gwCOcNoda8h7PcIfFYi3Ytgy7QSATlUas0DXQSa9t/SFirOHwVqzY0LZbaZTDZLcaTBE7MA3npTRm32TlBLSPLOMYwojXLbQTdCqYG1sETB32HzoBd4rfac165rrGdgPkDHKtvadlDratiFtjblmbU+W0fWgtJJ7KRSose8x3Zj6kmuAa+VKQcuXFONmYejN+dSqaldZ1Hu+HjMyDdYnprsPWNfcVsSzSH2P4/fuDE3XZmjKVBUlFknNBGg0I0Jnn1Neg8OtOEHeGWOp20nloOVaFKzE4U6OTYBBBEg7g7GgN3Dmw4m3cdVMIyhmKg8vDqY213A6601hKEcXxEv3IYooXPedTDhCSFRDyuXCCAeQDHeK6ztR2+jOuINw5bNq4+8vdBW0kb5gcoJH3WiqsReNoZjcssxjMZdzA/iyooAEwq6fMmq8bxLOAsBLaiEtroqAbADn60j9puNZptWzqdD7nQeZP4UXpWzJD1E8s+ONa+WNlni1vMzW2JeCGuvAYDmqCYsp5KZOmZjQ/F4LvfiJy7hY19SDoPeawcKsLbWJ0/oNvmdfPSjRcnnFMlox58jWTT/yCH4JaXU2wTzzeL6bfIVV3KDZVHoAKIYu7Qu7cpZJIrilkn+zYu8dwIVi6bHUj8SKHYXFFDpt0otxDEF5I+zt5n8ooNeUA6bHUe/L22qD70e1jT4JSGDB4xWG/tRC9fOX8D+dJgMbUa4NxSD3d3VW0k/18qKkQy4P+SCXCe0mXNauDNbbR7baqdd45H09aB8bwQt3TknIfEk7weU8yDpPoedfONYU27pHIiQeo218+VVYq+WS3m1jMPaRQb+SuOCTTj0zJWrh2DN24qKCSTEASTPIDma5wGCuXnFu0jO7bKok/wDA869q/Rp2HWxF8tmujU3h+7tdUtA/vH5M7DKuwkzQSsrKVBz9HvYlMErO6zecAXG37td+78idCxE8ugNIn6T+1a3cUwT4MOCg5d487nqoI8PkrEaMKbu3PbdLdlsPZuAAAq91d8p5KZ+M6gnXUHbUr4Rj8V3jSBlUaKszA8zzNM3QkVZnuOWJZjJJknqTXNSpSFSVKlHeD9mbt1Rdf9lYJjvXHxdciSDc9tBzIrkrA3QCmpT3bxlnCkpZVQDE517xyRzYggCfujQfMmU/BfIn5PoFdicVbt3C92/ctBGRhbST3pmIyjePSvTeA4e+mJYE3Gw7WEZDc+JXnUNJnOfETy2GmleJYbEvbYPbZkYbMpgiRBg+lezdmbtxMJd/Wr9u6qq2ttpdVCSwL6S+u/vOtdFnTRpXtOlzFfq1krK5ZLGA4YHME6sog+eumhpdGJlJzEhobMftDKMhjl4I06lvKvPrdzu372xcK5YdWMd4DqMpgb76bEamm5bs4e2wMjure38CKjD2ZDTRezF6yD4JL3aRl4vxQ20JG7GAOWs60p4O5+0zsdpafODB+cVo4xi+8MDZT+NYhb8Mkx0HM0spWy/p8Kx46fbHTh93MQ0aAaD21P5UVfEaUl4TiWUbx+Bq1+OFtFUk8qoppIxZfRylO10HsViB1pf4pxERAO/Su7XC7tzxXGIH3Qfx/s1oPC1AABK9coEn3Mmkk5MvijjxurtgMXXKwFPrWZjpHSfrTIcBbG6z5tLH60Nx2GtgE6D0/KkaNkJqXQKqVKlAoEMViQ9q0GmVLL5xCkfj+NaeGYFLsrmG2h5jXXTrQjNpEc5n1j8q+2rpUypg0bEcXxqLod+zXHLeFL2LtlTvorFBe5r3jwWZeeQEA7Edd3G+31y4v70ZSAuW1b7u1psFTMWaAYliV20MRSbirxurbuKJuKcpgEk81MD0Nc4fgGJfVbFyOpXKPm0CmUn7CRVq3/ky4zGNdaW9h/e5/vQaVlpmw/Ym+SBcuYe0SYi5eUkb7rbzHlG28UcwnYvBWz/1GKu3RGi2LeTUbgtc5RzA5HynuMmPyijz2mvhP6P8ZeQXWQWbWk3b0ooB5xGYj0B9qb+H8RwuFJXCYS0HmRcuftbuvm2i+0DbzJH8c7R3zIvXgkGBmktED4bY1jXTQDzoqFdiubf6oz/4ThMESSVxDxo91YtqRJOWySc+n2nkafCKD8S489wZsxjRQzk5isGAvMgREDaQKEYriQJzIpzffcydgNE+FZ85ofcuFjLEk9SZNc5JdDKLe5G1+IidFGwEnnAiYJ0+vrtEofUpLGpErVg8YyFiMpzqUJcBoBiSJ2MCJrLUoBLcoMBQZOkb6nYbV6h2j4N+rFLSw4SyqMBpJA1MbSZM+1eW2rmUhhupB+RmvVe0GPF9mvJrmMjXdeXkdNf6iqQXZg9dNxjFfLEjG8PVEJgggEgEiR6kbn09OsgGaTJpr4yS1ttNYg9P78jSlQkqZb00nKFy7N3C8L3jREgcupOw9Nz7U08K4SqAE77/AN9f6UD7MKS59ifk1Nq0+OKqzH67LJS4JnF6sV41sunShfEMWtuJ1J2Uak+1NMz+nTbpGbE3CN6C4pGc6CaJXsPffWFQHUA6tHyoPfuMDBcn0NQbTPZhBxRW9sjcEVxX2a+UChKlSrrN4AQyhh8mHo1cczTwjEqlwMy5lGpWSJy67jUbcqM4uzdy50GcSWgsGKKwUhSGEmI3+e9LliMwnRZ3PT/xRy3xkqxZOe2+w0HpsT8qZMjk5J3FHL8abNHfSkicobUc40G/nWdeMQZYNc30YkDWfMk/SiHaFbV5BeWEvf8AqIBAuyYzqNg4+0BuNdwZDWcESJnT8KLbCnFq6CGFx+Jvutq0Rbz6RbGUCNSS2rAACSZ2rTd7HuATcxWERvtI91s4P8XgMH1NFsDgmwmEa6k99eKrnEfs7U5vCebPlWSNhlHWRF+13jFz4mJ1JJJOhG++1Hj8geRLoD4zhrW/t23H3kuKw+U5vpWKmoYTwgazG539/egnEsNDEjbeDuI3+VCUaDDKpOgfUqVKQqfadOzP6PL2Jti67d1bIkMQSWiPhXdzr5Dzpi7LdhrJbS011okviPCi6kArh1+ImD8bwI2NH+K9sjbYC0qu6SjF5ymCAxVBGVAV0JIFVjD/ALEZZL1EWh2Pt2ravAtrOty4Q11pB2EZbcE7KGPUmsdoKlpQj94gZ8hA3XNlUe2WKF8Y4y9+4AbjXbrNCW7ZlJZjAnQHU7DTy50wWOHd2lu20fs7YBHVzLXCesM5EeXpDRpukY/WPjDyfbFnieKDKQVZTO+h066GCPLpNLF+3lMf+PY8xT5xHCLMkajmP71pfxuCVWUkSp5jlPP0/wCPdJxY3pM0eNI47LuAze3y1/rFM1zWBMayfQa0vcAwrBrl7u3ZLOUtp4SocFwSd5UHTqaPcRIS4+SWQRkYa51YZkjrIAHrTwehPVYm58kc4ew9+53NsZnPijoJ0J6KBBPsOcUWvcCt4cT8V0/Fcbf0A+yPIfWnDsXwQYexJg37hzXWGsHWEnosx6yedDu0mELT1nTyrNknyf0bvTYVBfZ53xvE5Qep2pSZpMmmbtFw1s0swA5Dc/JZP4UutYIOsD/MVU/yzIro9F5WU1Kt7r+Jfmfyrk2/Nf5l/qaYU4qV2bZHI+safPaurKghhoNJk+oH/wAq44qorwrCMzJlXMzfCvLTmeg5/wDmhirqAetM/Br/AHZ7wwBOX0iJjy/Kg3SOq3Q28K4Gi5e/Y3Z3HwovoBrHLXyoJxThJw917QkrujHTMp1XUDcTlPnJ2pmw18OoI2NEFwv6zaNn/wBVPHZJMZmE+AnowJU9CZ5Cp48jU/IbNhjw8UKNjDPdtm1LFhDWoPhkaFTyg8pmM2g0olZ7H4lFDmw2UiQSUUgejMD8q64RcNuLgJS5G40cTyzbppAKrGoMlqvvcTdhLsTGhk9K9BR9zzmm1QKvYYiQQQehkE/ntS7xa2ANVE6gT9fxnQ/8s/GOL2Hw6lI79WgtrqpBIUnYCAT60vYl2uYe+5A8BtqpIjW4zaa+SH50k5JoOPG4y+hTJqVDUrObh44l2tvQUu3WOkZVCrzGmUDbf4s1KuN4tcuArOVD9kTr6ndvesNfKZybFUUhy/RnhgLt7EsBGHtErP8A7lzwJp6Fj7CmFrpOs60idmsSRcFvMQl0hWE6Ez4Z+ZHvTRjrjzCFRrEkFmMnQKo3J6c6rBpRPL9djlPJFExjMQY386X8TiSjAMIVtweR6+lMN7s7jNC9uDBPiKqYEfYDGDrzg+VLOPRg3d3gVLfCTyPLXY77jrrSSmn0aMGBwW0MPDuMrbwd7Cam7eLImhICNzMa6FSP9ROsVz2Pw7NctW20yIbgOjKwV2yFTswV35c1I5Vm4NhwQbrgt+07o28oykd3IltyMzZso0gSeVbv1rucZg3jKjI9pjAAJN+8D7DOnsBQlfGzTFK6f9PVMHcW1ZZnYKiiSzGAABqSa8u7VduHu3CmGQqBzI8Z84Pwj67ajat/avjvfLlDEW1I7sLzM6XD1J+wv+rcrAGxhFRYAidSdyfU8zSQha2DJnUHrsWcY15pLsTO+v49fesVM+IwYjf6UBx1oK2m1FqhoZFMzVKlSgUPqmNtPSt/CMSVuoTrr0EnoJ5yaH1fhmhgQJIOg6nl+dcgSVpod8VhrV0SygyBDD4vKD01rM1prAym2XtSfEIYgHqsfhWjCEZFYGVPhOs5XAkqfIwWU8xI+zqYwFkFc9wHu5IAU5WusPsqfsqPtPy2En4dEoxmjBjnkhOl/wCmTg9wR+yhkOoEjw+/3fw1q1eKMzhbYJYa6CN55zoCPfbY7DuKIbbNdtKqMZz27Qy28rbEfdI6nViPStfCcXZyIUYatDEwGkgnXpJA9gKxzxuL2erjyKa0FMZhrzqb6qCYm6Nzqwl9OmYFuurSSTIHjOEuqWRpfScqDLG8TOhO8jXTLoaLXuLlLuVGylRqfUbR/lJ+fnRXF8KQ2nxNrPcQRmVSA1kQImZzIJ30IGXcS1VxZLXGRnzY3G5RE3hOCDoDljUzM5V+8Sd501J15ARC1V2qvC1aOGVpGfO+gC58oEAQTKyRvE9DNa+IY1mlbcKNjlAMnYsxKwxjlEDTciaWuJXQBB5eZMmdSTud9zvVJOlRCG5WB6lQ1Kkaj5UqV0iEkAAknQAakk7CK442cGtlr9oKCTnXQCTowJ26AE16j2bw+S7dvGCUZ0tzyyuyk+vhiek9dRuA4L+o2iCwF97Z799ItIwnukcaho+JwY5a71V2Q4sbgNlzME3VfYuC5JzDTXMQfOaM01ESKjOd/A18SsG8puM7ZtJ2yjUbIZUR6T1NKPaPCr3T5gDlXMPVRI9J296bu9aCFgyNjP48qVu1F3NauQCp7smD0idOojnUYs0NUmgJ2Wxhe3eVivhe3egxJENbeDyjOm3KZ0rb2rwBuYU3ANbFySMxMW7wVdFjYOmsH7fvSpwLHC1dDMJQqyOOqOCG+Uz7U54S/KsrjMYYMJ8LoRowJkEEEEb6itUPKNGWfjK0YONZjdGQIgCWyiltLea2haTqS8kiT58zWfXndk9Fyx8oJo7xDhVqzkULLG0jMJJClkBjxHQ84G0xykhr+EQ6ZIjUHTT01n6UWqMKyRcmvj+Ga7iRIzTB2Igj8dPlWe9ghckSsj1keorNiyytGbfrGvqDo3vr519HEpHjWCukqNB7bgGkbNcYNLxMeIwYTQuSegXf3mKyGtONvZjWWkLxutkq1HyieZ28h19TVcaTXyuCE+DcT7piHlrTjK6g6xMhgeTKfEDyIp0XiS92QSCVAIZQYKmSjIv4LyIYH4WNecUR4bi4yqfsklTzUH4wvQkajzH8VPCdE5wT2MbWXvtuyAakckOmrGfG500OgETsJBraVHvKx20B2nxa/hFOWFK5RliOUfjQXG4ZLd4u2oIkZvhUy0ifPcekdKbJGo2QwZuU+Pt7HdviTWLatM3LhA1EtAGmvpFF+DcYxvdu9twEclGXKWYgghm6ACfPblShxHGXLrFmcKp2CjWPM7/X2q/heKGeytq/eUqZifCsa6ba6bQR/WCjtG2UtO+qC2LtFRpy00ImNOf58qVeKPLa7+3UzRy/xATGy7AkaDcDbn5Gl7Ht4t6vNr2MmGLXZmqV3dskRmBEiRmBEjqOo0qVI0nFek/o54H3No8QvWyZlcOIUidmuQTOmw0jfypJ7OcL/WMQlucqmWuN9xEBZ29lBjzivRv8VvXbSZlVba6WrSgjIkxbB1MtEbVTHG3ZLLKlSAfajFjKSR4D8e4zk7L6zqSfPzpZ7P8AEzbxKXWOhOVugDaewGnyq3tXjQ94oplbek8mb7Tf09qB0Mj5MbGuKPcMCc11UkAEEljsANo6kkj6+U58Tw57j9zoJMeNZ0IkkgSVXWN/I0F7GNbuW7Qe6UhD4gAWVkIEDQwdc0kHf0o/ir917fdG6mWSEW0eWwJYrOY6nTrWdpUXt3oTe036Nb2Gt57b9/1yKBA8hmJJ8qX+A3c9y3ZfNJdUDA6qrMA6MD9iJPkfo5cQuX7BR3YwvUknTqsZZnSQaDcKxNy9irLXYJUXHJCoDCW2aCQJIOgg/wBafG22Ty0othniGJNy49w6FmJjpOw9hpWC7V52qi7WqR4GIBcXsBgfLWgJY85pj4jsfSgGKXxGos9nE/FHC2822/Mc/Uda4IjcVAaNcW4b3SWiSr94gboysd1P9PcUKKt0BS30r5VhC8jHr+YriNY3PlrNAJ8r6KK4fs7iGElQg6uwX/b8X0ovgOx2cZnvqIjwhTJ6wWjSOZFcBtLs67N46bRUkeD8Dt8tR7Vr4jaS4AC+UkRuDIP8J39aJ2cJhcOgVUQtIOd4Z2I2/PKBVH63cRXa2bdpXOnxKek+EkTp0FV5+NNGT8Xnzi6F49k7rfBmYedtlH8xOX60c4b2fe1bCM1pTuSSWaT/AAoCCNh8Qqp+OwozXV21JIzT6ULTtPlY6Fweuh57cv8AxS3XRZxlJU9hw8DsaG6zPB2ULbUydtczc40I9qqTEYa057q1bBnKSFLmIggZ2I5a6a60u4vj+dZhs0/DJ7sDkY5n6ULN244gTHQDSg2NGDHRu0zbIzwPvO1seQCzy/KpSQcKw3FfaFh4odv0f4D/AKbE3pALlbAkAyph7o1HNYqcV4ndtM5tjwWlBZjyYxkA03llMep0it/ZNMvD7ephrjudYEzkk9dFrH2iwjvh8tlWuM92WCDNCqGgkjYAxqdKvVQ0Ru8js8/qV06EEg7jzB/CvlZzSOX6OsNbuNdF5l7tYbKZ3IYSI9fpPLU1cwuHzPkvgAmQAYyiOXh8przjD4p7ZJRipIgxzHQjnTncsYNFttbQ3bj9SrAsd46RSSQ8TFxS+xH/ANwWAHhXL4ieQLT18q77J4rNeuyIyYe4Pcsin8a4x9s2xnud3aPJLagv/Ny+tZ+x7Zr10RGay2g5wyN/Snh2iPqP0l/BgY1muODsQfSilrh1xzCqSegEn5DWtS9isXc+HDtp97KkfzkVeR4+GLfsJmN1n0oLiE0nyH4V6Fe7DYgEh7mGtxuLl+2NxPU8iKG4jsTd1RbuEcwDC4m0PimILFZ9vKpNHq49IRQNJq69jrjCGc5fuiFX+UQKO8S7E460qzhrhB528twHTlkJ0iq8DwkWsr3RnfNAQbKR97qfKhsrow4Pgt24A0ZVP2m5+cbmmjg2BFhWNu3LZZa8fiRYMgcrcyNQZiax8U4qiiJOaAfP01oE/GLxlUdgGgFRzjyrujuxp4/i7dgKmbO5BzgGYPWJ0EGPadJoDje0bMQUWIMyxk/8D3q7h3Z/MhuXmiPsg+KeWY+9L963lZlPIkfI12wKjXd4rdbmAddQNdd9TNZrmIdgFLMQNgSYE71VUmgMSvorRheH3bn7u07+aqSPntWn/BnH7x7Nr/PcWf5Vk/SuOB1bcDf1A51aMNhl+O+7+Vq3H+5yPwqfrmHX93hyxGzXbjH/AGplH1rrOLsfb+E9RUqt+P3j8PdqOiohH+4E/WvtdYBo7NY7/o1TSVY+JyAqy7GAY0JkDXmw30FU9srjGwCpy2+8ClFMq0A+Nn+2SRprAEc5rP2Nxnd4fEBtnZbamNmdXn8FpgxeGW6j2X0tnn0jYjpEf2KvFcokX4ys8vqUexXZp7QZnltYtC2CWunSWiJVFkTI3IA3kYLXBr7SRacAblhlA92io8WW5IwVfhMK9xstpHd98qKWbTnA1pttcAtuA7IC9tR3qW2K23BMC4Gy+UOF0kgggE0Ww+J7lCqOLFudVtwgPPxP8b/6mOmlNHG2LKaXQKt9irhAfG4m3ZmD3Zbvb5BI1FpTpoZ38opr4Lh+HYSGs2bt19R3mIYKCCpn9mmw8jrS1ZxBbw27cLoWc+Ff808/f86swt+0xZczXrigsRbiAFiWEkLG27e1OoxROUpNbG7F9vCultltLG1lQo3PPluKBY3tG1wy9u9dmCCWLco5E66HWhz8RuD93atWiOe5/lA/+RrHd4himJy3Dm1/dqBtykkgf80XJInHi9XZtucSWTmw59e7c6RIHwchAqtcdYJKOtvNJBDBRziNd+la1w10Wy4x1xmyyfAgWRyhtffSdKXn7U3kOVjbvide8tgf9pofk/2in417DJgciQbZa0ZJU2ne0RMbZSN4E9Y8hR23xtrgyYgLiFBjM4VL0c1F1F29RJiJ50gWOKYd5JW7h3J1e0S9o+bIf6CtzY+5bGdlFyzJi7ZM5dTAccj8vemUovsVwkumFuKdgbGIm5grzK3OxiCM3+i7sfIN86w8P4RZsi93gIuIPgJAY75tegidNK04XHZvEDmTTbzAPiX0O306Hf1y3fRUvKHA+A7MnmrfZ+oPMGi8Sl+ov5ZR1IW72okKFMcidY2kDf60qccsxeP8RmfWmTiHDWtOwW4HtMBDL8QMkAXDJhjMAzlPLpQDj1orlmT5+mv9ajJNdmiDTWirhOHQ3CHTOMjEAllBKwdxrETWjF8Su2TCWrFqPtW7YJ/neTVGBfLetk82APo4yn8aI8SsFwND0P0/v2paGsBYvHXLnx3Hc85YkegE11Y4TfbVbTx1Iyr/ADGBWu/xC8twpbYWwSICBU+KI8QAPPmamIwWv7fFpI5AvdYH2EfWgEqHCwP3l6ynkG7xvlbB/Gp3eFXd71w/wqttfmxJ+lfV/VV37+7/ACW1P/cYrr/FLa/u8NZHncLXT/uMfSgccf4hYHw4ZCP43uOfmCoHyqV2e0WJGi3Mg6IqKPkBUonDV2d4rhlwSWyyW7is4uZiVNzMQUaVBLgL4YOgg9atL3LVwYd0kjxAE+EKB8febFNiRuCCBOk+eV6JwS+buGWxdEOFTIZIKq7jKdvh8IOU6aIeYikJXolONbDdjhy3LneNiLaZUVUQ94AoAafHl3ZmLElRyoNxI92zI+jHVdmzA/CysJDKY3B5RvpVxuShnyBIMjUA7894pf45xFhh1hmDPdZkIJBVYhwCPsk5JGxIB5VWUuK0Tirew7wXEOcVbt5VU3M1qHKhjnExB5FgusUq8d4iyXXtEK7WnZM5HhOQlZC+cTr8qydms/61ZuIrMbdxLjQCSAjqSSRsPPzrd+kDKcdedBl7w5yvNWb4gdOZ196k5Nqyyik6AmKxdy4ZuOWjYHYegGg9q39mcUbd3T7SOh9Cs/PSKEUa7LYTPezFcyWlZ3MkBQFIUyOeYrA5nTzpF2GaXBoNYhzAjmVHzYAj61xjuIJaEDKCJgdOum+sAyd65F3MqGNc6SPMOsj5iJoHx9j3mpnTy/uaaT2Q9PGkS9xC9dYhM0GJUbGNieQ28qJ8G7OC4mcsGM/ADtE76GSY9NedDeHXG7s5dIaCeeoo3wq6yibcgzqTABAPTn9BvrSou79jRf4W9pmuZUW3M/FsCdojqa4wPB7jvmw7dy+ssYVGB2BQ8uWo16GrreJV7hN1mLQcp3AOu2sJA16nqedlu4Q5Co5MeEksEBIOv3aIN0BWDd4Y/Y4iYy6CzdjQBTsp0gA+E6bGtuH4iTCsuW5qWtmRmgsDE7HQmDv9avxmGslDbebjRy3XznZPffzoBcGZu6uvFxY7u8SYGkqjnp0bkeo2aMmjpQTHvA4xbijXSCAYmJ0Ksp3HIqaA9rOEsLZdFJVDLLqSgOkg7tb6HcbN1obg8dctk5wVuSVK7F8sSYiM4GgPP2ps4fet3UBEa6hiMxB2IIO45FTVtTX2Qp43a6PNy/hBG6kf8U2ZwTmB31A6zDA/7vrQztPwbu2Ny2sJIDIJPdMdvW226n1B1Gurhd2bCk/cj+UkfhlrPVOmaE1JWgPx9IuAjmPqCf6RWbiQ/aMRs0MP9QB/E0T7RW/CjHcGD7j/APmh99c1tG6Ll/lJ/pFBhRjrXhgD6iKyVpwLeLXnQCXX8HJkc6lFAkgf1E/1qUaBYAwtgu6oN2IA9ToKeO0WGAx1+1bGTustrwsTpbt20AmBpCDSOW5pV7ND/q8NO3f2v/2LTzx21HEsZBBJusx0MLmggcpMew86aCtiTdFdy1ltnUkRB256ae8UMx9myGzX0uNatKiLkOXOzKSyieclSegHzKmdBoQSNhB0ZTzMHbypS7bH/rLwBJWRl6QUXWOUiKpk0JjVmXHcWLgpbRbVqZ7tJgxsWY63G829gKGVKlQLJUWWbRZgqglmIAA3JJgAec013MAmGU25V3IJu3FJgdLa9VBEk8zHQUM7KaXDc+0ghfJmkZvZcxHnFEOMqYLDkpB/P1FPFasz5MnkoHFtwcoU/bXb/Mv5UK49HeHTUgf81kwN5gyhebAe8iDWjjqxd9vz/KlbstGPE64LcEujbMv1X/zPtRnBqGtmDBE68tY5+xPvS3gWi4m+pjTz0/rTYuHCowXy/v5E1yGJw9UVGZvE+srpyGwB021n+lS9i3eczZVG6oddeRfedtBHrWqyyKVVhq0Qd9SIifYVxiczr3JUGCIfQMswQJ+1vGsR7UTmwRbuy+UGBMgAQNefnrzOta1w4uXilwSLlr3zI249mmvj4AZkKkADefodt61Y3wvYfpcy+zgj8YrjkBsRhGdjYYzftj9k0/vEAkJ5MN19x0rngXFmtsS3wfb9eRj7xjbnr00u7XoVupcXQxuNwVOlU8X/AG1lMQoCjOVuKBA7wgHP55gfb50U/dAkl0xwxA7xCxCHwEAEnK6t9ksCNOY6GCOtL3DrQtgrJKTmUka5WHiBH3lKwY6gjQisfZ3iRnuHMo2i/wAJ5e0/LSrroKPHnprz0H9YPlrqVFNKSlsnGLi6Le0OHi2wBDQA0jbkfwn2igmC1tkdG/7h+aUxOoe3oIDDb/Nofxpb4UdXXqs+6kfmamyi6M19IPlVYNbMcOdYqAwxcNxIKaxNSgCuRsalGwUf/9k="
17;Ultron;Villain;95;80;10;100;5;Magic;https://super.abril.com.br/wp-content/uploads/2018/07/ultron.jpg
18;Red Skull;Villain;75;65;20;75;10;Power;https://media.comicbook.com/2016/06/red-skull-186301.jpg
19;Mystique;Villain;70;75;10;75;20;Power;https://upload.wikimedia.org/wikipedia/en/6/68/Mystique_%28circa_2020%29.jpg
20;Electro;Villain;80;85;5;60;10;Power;"data:image/jpeg;base64,/9j/4AAQSkZJRgABAQAAAQABAAD/2wCEAAoHCBUWFRgVFhUZGBgaGhoaGBgYGBgYGBgYGBoZGhgYGBgcIS4lHB4rIRgYJjgmKy8xNTU1GiQ7QDs0Py40NTEBDAwMEA8QHhISHzQlISQ1NDQ0NDQ0NDE0NDQ0NDQ0NDQxNDQ0NDQ0NDQ0NDQ0NDQ0NDQ0NDQ0NDQ0NDQ0NDQ0NP/AABEIAKgBLAMBIgACEQEDEQH/xAAbAAACAwEBAQAAAAAAAAAAAAAEBQIDBgABB//EADcQAAEDAwIEBAUDBAICAwAAAAEAAhEDBCEFMRJBUWEicYGRBjKhscET0fBCUuHxFCMVYnJzkv/EABoBAAIDAQEAAAAAAAAAAAAAAAMEAQIFAAb/xAAmEQADAAICAgMAAgMBAQAAAAAAAQIDERIhBDEiQVETcRQygaEF/9oADAMBAAIRAxEAPwDVOqtZVaT/ADCJ1/UmOpObO4hZn4vuvEOA57LNVrp5GSVuYfF5pU/oXyeRx2tFte6wQClBV7wYVJK14SRk5KdPs8KkxhPJQKa6dTlhKpkritk4Y5VoWPAYC48hJWUuKpe8uO5K0HxBcwzhH9RPsFm2ZKwv/pZuVKfw0/Fjimy6muO6tYIyqTus3XQ2RUqbZcB3CiVdbDJPQH3OArQt0kVr0yXFLnGEQNgI3E9/8Ie2mSegRTM9e07xylNT2t/oFhtqziIaNl9I+HNIDGtcZk4gHZsAz6/hY34et2hwe4AgZM/QLc6Zc4P/AGFo6fMJ5QDy7ApxRSjZn5s8zXEc0WthzTER4RwiSI5fUJXUe0GKjWtJGDmDH9Qd/TBiQecK6rf8WHeBw5TjsWE7g/lB1LgBzS5wgTJkCZERO3MewURFC9ZJrotLBxcQBbmSN/UEJg5rHM4iJIAlucgEmfOHFAW5bxCMNcSDHIgYONtj7phUy0hsk8PC2OQH0nf3U37RRr4vQvtbMvdiIbxEhx5dO/JE12Bjg4yeKBzgFsEducIa3f4nOPE1rWEzEdZifLdX6jqHi4WnwN8TnluTOzWyIPLOeUKKdOtL0VwqYjZPVQKjGiIlwBJH92F821WjwPcOhK27bhz2hvFlrgSHR8oP/rtAOfJZL4jH/Y/zP8wiKdS5YzGTdpmeqBB1WI2ohKiTtGnLBqjMINwR70LUal6ReWHac+QR5H8FXvQFhUhw+vkcfeE0fSUw9zoI0BvEodzCmbaK8NMFVa2d6AGMKsDEbwAKEBdxO2RpBEMGVFrVJpXcSdk3q2k3Coe5WU60CFWkEikvZtLWydXfnKWa1b/ov4D5han4YIEkpR8ZW5fVa5vJp+628WR/y8X6FMmHfj8ku+jO3FUEQg5U6lFzdwoLTnWujIvbfZ4n2kuHBnukITe0eGUXuPIEoHkP4BvG6oxmvVpqkchgflA0W5XlV5c8k8ySjbGjJzsvMW3dt/rNaVxk6uIAEeaERN3UkoZRS76LT6PWhE0GeE/+xj0CGamttTwJ5CfUo2COVAstaR1JgYM5PNW21PicqXu4nQE+0234RxdvunYjlWl6Qpmy8I2/bDaXghrRtHSCm9vcNjDeFwgnv2dyISeiEWXc/otLgtaMK6brbNBU1VhZwlo4SIiIJ8vJJv8AmQTz6SBtkQY5oK4fgDZu/r1ygnv27Ks45n0XW2hzb3cYOxERJAH+f2Wg06oSHEOa4nck8LttiMg+kDssOy4yPNEt1Bwkh0chAknkqXE0Wnkn2ahvHXIc2OAHDeI+LhMgk/2k5jnC9vbwFwBmeEN6mRgnt09VnaN4Whg4tgAYPTv13UmXUzEZ6yT7qJw97BXyfoYNqYdGDsNgBnH+ln9beXOn09k2Y6QOoSrUx4fX90S5XFhPHpq0hC5DvCKcEO8LKs316BqgQ9QIpyHel7Lw+ymiM+6eOqzHkEnt2y8BGFhlCl62MBL3Lqb1xGFS10FTs7Rc9yi1y8eVXKnZXQRxrwvVIeoyp2doIa+VbCpY1EBq5slH0HTKnDAR9+GxLuiU03QR2VGv6j4AAc7LUcN30QsvHFt+hfqQBa6ORlKP0XdFo9H091RnEeaYVdHgbJn/ACJj4gf8GsyV66Ziv03dF5qdQsoPHUAe5WudpfMhZH438HAwc5J/CD5HlJ43or/g1iapmQptkwnYphjD1j/aC0qnkvOzdvM7Kd7W5LIxpTLp/foM3t6AnuyvFxC9aEJFy6lTny5plWqQMT2/dA2jSSY5An2VxJLk1j+M/wBgL7oItmjcp7ZP5pHJLoHl7I3ic0b56dk9g+K2Z3lfJ6HZqtA5KqrftA3SV9OoRIMdo/KburWzmM4g6k9hEkN4mvjeY8p9Uysv/BP/AB5Xe9/0D1L8OED2Qr7kpfr1x+pWc5ghpgCBwzHOBsq7Pi6lCeZ8tDSwSpVf+BLrgjH0XUa5kK0UBucHv+FC3pEu7LtVsn46L/1HQAiraqRuUFqtQtIDcSOXNHaJeUTRfRqlzHOdIeG8RxkA898equr41oHWPcb0M6FyDsV5qwBYDz4h9igLhx42ijIa1rWlxbHEebiDujNToOaxvFM75Eb4mFarbloDjxqbTELwhqiLqBCvCzbRsr0D1EM9EVENUS1+i8LsnYMl4TkU0t0keMnoEwFQyhz62Mo9q08ILgMo41OS5rFDLAwYqnBHvphUOphcV0UBi9YxTLVbTYu2dolSYjWMwqKTcozhXU9DviePOVvb1od0LniVrNEfXJIIAScAtMc19A+G3AUx5LcytwuUmPjaa416PdK0h1JgbOwRxs5xKYXFYNbKRP11odCzWqtujajyEkpXRbqVsGgEc18g+OqnFcR0aPyvpWt6wHNDW+Z+y+W62wvuiD2nyAkrqmuH99AvJzTUKfbQMwcDGt5nxH12+iBruko66fknpgdkteUDI9fH8EZ77PCvWrxpVjAqyiWG2DfmPaP3XtP5iV6wxTPc4/Kg10BOT/qkLU+2xlaNG5PNMzbcRj6pHb1dgn9hUkQU/i00ZefaeyQtyByj+cuSGq2E5TBx9fNQfUiYGUdwtC8299Cw6e0LzhDTgc+u3sr6lWef0+y9oBsyZI79fRU4JegvKtdkWUuLH880wtbUD/S5nDuP8x5FWUa8HI/ndF4pIoqbZ2qWYLWuA/n8hLKVi2dgFpKo42ED0SinVh3Dtn0nko0n2yaql0gy1oNESJI77qvW3kjeQNu3oi6NMxIjG/qhtVf4SIXXKaBY71SRnKyFeiqxQr1l2biB6iEqIuqUI85CTsNAy0lnhd6IvhAXjG8LAOg+qGfUKFvQ3K6CGNyiTCHpbSuLlGydHtRyGdURBcp29sDkqNkpbBRKuZjkm9tatKvuLRnAVKZ3ESMqhW/8oITgyVU92VL7JTc+jZ1aILz5rbaQ1rWNELHOPj9Vu9O0smkHEmSJgLS8i2pS2EwYscy3Xveiy8eC2EgubZmTCdm3d8q680SKZcHHiic7JWbaG5/hnqvsxd00SsXqLeGrVfG5DR7CVq70niKymumHkeqa38dv6EPOxzKXH9Edw7dBkq+5chlnU9sWldE2q9jVUwImk7P281eF2Vr0XV92s/tA99yvKzDgLh8/qjK7Z+iblcmLXWkUWzcyndsY3CWW/MBOKTDjqn8E6RneQwukeqoupH12RFJsCfqqq2c8z0TLE59it5JPCITBjA0QuZaw2Y/dBXj3tEgSOsqi+KdMNvm+KDmuAUG3bZhIDqBG4I7grwXE5BQa8pP0MT4zXbNtp90Dg7FSvrDiktMHtz7FZzS7l/eAn1O5fIxAO0nf0Gytjp0UyqZPdNqSIMzEKrWpaI5HMflW6NTJcZ3BMhVfFFQfqcI/paB6nP2IVrrU6A4cfLImZ2s7KGe5WVHIao5Zls2ZRVWKnp9DjfJ2GT+AhnuTbSmeAnqfslLYzjknUJJXophXOAUGoDfY1oi7AUeJdU3hdAEKNk6JOoGJTC3p+BD3V2AwDmhxeHhwpSegl1C1x/6PbOn3Xl20gESk1DUXAq25v3ELlsqqkOt7QFhOJWZu2w4hM6eokNhJLirLiVxWqX0fXtMt2OqtBHNfTKTQGgDaF8utmuDwRyWoq/EpY0AtkxCe8iaprQOnyRoXU2yhNYvm06ZJKzdnrNWq/AgJV8UV6uGO+U59kKcb5JMt9bEFzceInuslrdaajloLnZZHUny92eZTWZ8Y6F8lOqSYuqukyq2rnlesWeSWgq+h8w8wh2oyxZ4pOwyUbGuylPoupNl/qjWRBnefUqiyYXvxuSjjTDSefXzT2CG22I56SSR1FggYM77Y907sWDE5O2c7+qUWzM+aZUDHdPxOkZmZ7L7tkSPTl67Iek0TnZXVX8UfjCGrVAAiAZT9ILcdwNkLcObz/noqn3oDZ3Se6vCT0VLyzKDYsFNllxRY44x9lAWTRH79UvfVM7qTLwxG47gFZzyQ36NGcdJezY6JTBAaTywPfboE0NrGywtrevafC6OkLQ2Gtvw15kfX3TWLKn0K58ZpdNtwHz79uqx+sXPG97uTnEjynH0hax1xwUHvPzcMD/5Px+fosJdvyq5q9l/EjXYO8oZ5VryqHlZ9s0pRUGSQOqeMcGNDeg+vNC6Rb8bieew84mV7c03AkJO6W9D2PG+PL6JPr5VxeEEy3MyrpQuwpeSDlVAyVBz4Crt6mVeUDqjrlsq60tp3UHDiMBN6FANAVymyqlYhEvoNA2UalcM5Km8uCGh2y5rRKaPP/HgygqmiOnZE2l9nJTtlZpErkiu9j6xqkvA5kwPVGa2wtIB5rM22ovY8OHJFalrz6gbPLstKpraaIx5J+zU/CdPicQjPieyDi0ELJfD/AMQuovJMQR07ojXvisvewt2AylbmuWxvFUc1t9FWqaS1jHO6An2Xyq8fJK3+s/EDn0ntncR7lfO7l2Sq064fL9Kea4/kSnXS70DFTaFCFYwIKFSbAjKQPCfT/SFaEaNmtHPJ79EzjQG30HaU0zITA/f7qzSLLAHM7x0G/wCF7d0Q0wFq4J1Jj58qrJx/CpmCEYzP4QtLoUZSEJmUL2zpSa9LuI+afBiCuaeVTJO0dhtTQguLeqBuT2CAIOeKZ5LU1W4S2qB0lJ5fHXtM0MWff0Iw3zUxQJ/qTPhZzB7xyVwtmYif8Jf+F/ow86X0KmYwJJ6ztn6rQ6RakwXZJOOw8lXTp0xkNynelMJc3uUzhw8e2xTPm5LSC9ffwUWM6y8+ghv3d7LGV35T74huw+q6DLW+Bvk3B+srO1lTMxjBOpK3OVL3L2oVQ5yRtjUoefDT/wDsb/8AYwf/AKMJ/wDENj+m8iFltGqcJ4uj2n2yt78e1GlzHCMifysnyac5Z19mz4j3icv17MnuoG1cdldQqBNKdRgCYnYu2IHae9QbZOatH+qwqlxBRkBpCZjCCEyFQwESzTy4iBk4906uvhz9MN8Uzg4iCpSKsyhpue8Dki9csCGCOo9lpdF05grN4hPnzTz4qpMLGiBPJX48nspvitHy2104kZlO7TTRwiZnzRzKQHJFMe2NlLlI5Ni0UpXjrZFtYrgzCc5EKBO6mqH0ym7qGVY60EKrZKkympCGGe0LM1/mKeatcBzyOTSQPRJK+TIQsy+KYKa3TKVc0KoBXMCXlBWX29PiMI5rPGAOUfRDW4iT2TLSaUuk8s+cJzBPJpfotmrim/w0mlODIgcTuET6yfTkq75oLj1iT59CrbXwtLuzRHmXD8IelRJeeIyC4jzjv0C11PHow6e26KTRIgxiJVjCjS3hAaem/bkqKlIHLeXPkiLQLlt6Z6x4Q9y8YBHVScHNjiBGJHcHYoa6dOVWvRMT8iq4fOx5ZS2u0nsiXHf9lXUPVK29j0LiBst3HAJRDKLgJk+ymxwnH55o+2YMmZ5ocxOy9Wwahtnfum9G44Gud0GPPl9UIxoIIifuqtSf8rQdoJ8ztP8AOaY/1kXfypAD3kjKGqBH3VHhIBEYB3nfog6oSWX2aeJ/FAVXKoIV9ZDN+U+aSsZkM013hd5hN9a1FzyyTsxo+gSWx+Q+aZNAcBISd4ldJ/g5jyuZa/TraTCYii7A6qNqGYBwntGmCQi8NFFRVo2ll72sJwTny3K02paGxhbwiB3VnwxTArg9AT67flN/iiuBHQCfuu+y79GYe5tMg9CD7I/VtYou4GseHT4jHLGAe6wGs6m97nNbMDcpGyu4OBkzK7kUaWz6gytwvD27hSvrt9R0vIxsAICT6dccTATuiXV1ZMhrZaWBBvcJULi8hLX3RJlVdFktDhqmXKIVdxcsYOJxgfVPoptJFzD1SPXviQNmnSMnYu6dh+6V6rrLn+Fvhb0G58ykNVUuuP8AYN3y6RB1eZJKqa+ZVPUFSpHKXdt9MhSkSarqaqaFZTUyiWMWnwgdcn0TzSaEM4v5HZIG7haClcuhgAAgAD91o+Ily2/ozvMdcdL7DKjoPCMyI8jvP3TCzb4Wg53A5Zdz98pXSJJJKY2zz8w2HtlaTWzIpuQqpbcR4G7nLs7BpIJP0VFa1g8Lf7ojMjI+btkZVtq90lwDZJ5z/TsPdWudwte5xzJz/dtAHYD7Kj2mRtNAmpsMuLjLgBnHkAOyU1GScY6qd1dE5Jk7/wC0E2ucjruo3roLE17KqlF24E+WfogaxdsR7hOrckOBHMgZ2yYlOabWgljg15mDMHzg/wA2Qqxqg/8ANw9ow7akI+ydUcYa0me2E/r0GF3hAjfYSOx7hEUHN4ZGF0eO0/ZW/LTXUg7LT9NhLsv+jf3SfUsvJ54+gCaapXMbzt9UpfTJJMyiZEkuJXC2/kzy4uHPDZ5CB5IN5Rb2YQ1Vqz8r7NXF1KQvroYDwnzRlQSqKjIb5n7JKxmSy2Pg9UYx+IQtIQ0K0FA2H+gtr0ZbXj2GQfTkljXKwOV1RXRstK1/hcHfK4ex7IjW9ac9hLjmD5LFMqHqr6j+NnCTC5rfosqaO0ocQcTuSlVw2Hu6SUXQ46ZjkeaHuKZJJVGtHbHFprAYwAqur8QDkkD7Zyp/4xXbJ5MbXGtOchv/ACLkDwL3gUbI5G91HU2MENMu+izd3dOeZcZQz6pOUO960HlmV0LNOn2Re5UuKm5ype5JXW2FU6RTUGVFhU3KtQmToJfupU0OHyrab8ok0iNBrN02t6jokbd0kbUTW2uuHB2/nJOYLSfbE/IhuelsIZeOmCmdve44ZhKQ8EgojiaOceS0Yt/pnZMcvrQ4o1wWkT1VN3fDIGzR/AljJAgE5PqvH0CRG3MnqrO2/QJYZVbbKBXLiSVEPgrv0CCvao6BCbehn4/QSK0RO33V9vecJye3kEuORB3GypMgldyZH8U0tMetreEmcx91FtcgD2S22ceaPLZgI81tAKxqXo8d4gCeq8az6rnVA3cz2CoqXoA2QsmSZC48VV69E6xCCqqFW6lC1LhZ2TItmlENIk6ENcu2Cqq1+ihSacuPeEpdbGJnQe3YL0FC2dSWlEAoTDIm1TBUJXBy44uY5TY9DcSm0qUztB7HzgqD2IVrkSx0rn2d6IPaoBgPJHsYCrG0Oy7iQ2LW2oU/+IEwfTjkq+AqNHJCBz1W5y5crW2VkqJVbly5ULECq3BerlyOIqTHLlyk5loqI5rl6uV1TBssbUhE0rsNyRP3XLkziyVsHkxS/aCba8bMmeghGtrNMQclerk/jtv2ZmbHKfRRXZB9V4LVy5cjfYFtpFZpx6qtzFy5cy6pljIaMn911a9H9MjuuXIWS2l0Gx41T7AKlwhKlyvVyRumPzKBX1iqi8lcuStUwySPWM5n2RDAuXIZYhaYLgjGlcuXFj0FTXLlxxy9C9XLiTmq1jly5ScX0amUe0L1cryUo9eoSuXKdHH/2Q=="
21;Lizard;Villain;70;60;10;75;80;Magic;https://w7.pngwing.com/pngs/620/874/png-transparent-spider-man-dr-curt-connors-anya-corazon-lizard-electro-lizard-animals-dragon-comic-book-thumbnail.png
22;Carnage;Villain;85;75;10;55;90;Magic;https://i.pinimg.com/236x/0b/e9/92/0be992ecbc5af032ba2e4b4ce4c40347.jpg
23;Kingpin;Villain;70;50;10;80;60;Magic;https://w7.pngwing.com/pngs/6/759/png-transparent-kingpin-spider-man-marvel-heroes-2016-marvel-comics-marvel-universe-spider-man-marvel-avengers-assemble-comics-heroes-thumbnail.png
24;Mysterio;Villain;75;65;20;75;55;Power;https://static.wikia.nocookie.net/marvelcinematicuniverse/images/3/3a/Mysterio_Far_From_Home_Promotional.jpg/revision/latest/thumbnail/width/360/height/360?cb=20190422005716
25;Sabretooth;Villain;85;80;5;65;90;Magic;https://pm1.aminoapps.com/5994/50b9612b27490c5ef767fba5a244f53cb3547fe4_00.jpg
26;Scarlet Witch;Hero;85;70;100;90;60;Healing Factor;https://playcontestofchampions.com/wp-content/uploads/2021/11/champion-scarlet-witch-1-360x360.jpg
27;Wolverine;Hero;90;75;10;70;100;Magic;https://ih0.redbubble.net/image.4174442953.0420/raf,360x360,075,t,fafafa:ca443f4786.jpg
28;Storm;Hero;85;90;95;80;70;Power;https://img.elo7.com.br/product/360x360/47CA2C6/quadro-x-men-tempestade-fera-bishop-storm-vingadores-herois-poster.jpg
29;Groot;Hero;75;40;20;60;80;Speed;https://infinitycollectables.com/cdn/shop/files/F6482_PROD_GGM_LEGENDS_DELUXE_1_426_Online_2000SQ_2000x_c7bd342d-cdc5-47d9-8a9a-5c517040c65a.jpg?v=1687303323&width=360
30;Rocket;Hero;70;80;10;90;55;Power;https://w7.pngwing.com/pngs/44/342/png-transparent-rocket-raccoon-groot-kraglin-hulk-marvel-cinematic-universe-rocket-raccoon-comics-fictional-characters-carnivoran-thumbnail.png
31;Falcon;Hero;75;90;5;60;60;Magic;https://static.wikia.nocookie.net/marveldatabase/images/8/8e/Samuel_Wilson_%28Captain_America%29_%28Earth-517%29_from_Marvel_Contest_of_Champions_003.jpg/revision/latest/thumbnail/width/360/height/360?cb=20220226001531
32;Ms. Marvel;Hero;85;80;10;75;70;Magic;https://w7.pngwing.com/pngs/378/661/png-transparent-carol-danvers-spider-man-captain-marvel-marvel-comics-marvel-cinematic-universe-spider-man-comics-heroes-avengers-thumbnail.png
33;Vision;Hero;90;70;80;100;20;Healing Factor;https://i.pinimg.com/236x/8c/3a/8b/8c3a8b103187094e6e93c601d326abae.jpg
34;Quicksilver;Hero;75;100;5;60;60;Magic;https://w7.pngwing.com/pngs/11/291/png-transparent-vision-from-marvel-illustration-vision-iron-man-ultron-avengers-marvel-cinematic-universe-scarlet-witch-superhero-fictional-character-mythical-creature-thumbnail.png
35;Hawkeye;Hero;70;75;10;75;50;Magic;https://img.elo7.com.br/product/360x360/2ADA0DB/placa-decorativa-quadro-filme-gaviao-arqueiro-v644-placas-quarto.jpg
36;Luke Cage;Hero;85;60;10;60;90;Magic;https://i.pinimg.com/1200x/2c/80/e8/2c80e8b4fe58a4a8ad8cc9d2ebb23fb4.jpg
37;Daredevil;Hero;75;80;5;70;70;Magic;https://w7.pngwing.com/pngs/782/699/png-transparent-daredevil-captain-america-hulk-iron-man-black-panther-daredevil-marvel-avengers-assemble-comics-superhero-thumbnail.png
38;Jean Grey;Hero;95;70;100;95;60;Healing Factor;https://w7.pngwing.com/pngs/489/658/png-transparent-jean-grey-professor-x-superhero-the-dark-phoenix-saga-x-men-x-men-dark-phoenix-comics-superhero-fictional-character-thumbnail.png
39;Kraven the Hunter;Villain;70;902;5;70;60;Magic;https://e7.pngegg.com/pngimages/379/75/png-clipart-spider-man-kraven-the-hunter-kraven-s-last-hunt-marvel-avengers-alliance-dr-otto-octavius-the-ultimate-warrior-comics-heroes-thumbnail.png
40;Bullseye;Villain;75;70;10;70;50;Magic;https://i.pinimg.com/564x/79/1c/96/791c9640f436491352b5c572dc7c6974.jpg
41;The Vulture;Villain;70;60;10;65;50;Magic;https://static.wikia.nocookie.net/marveldatabase/images/d/de/Adrian_Toomes_%28Earth-517%29_from_Marvel_Contest_of_Champions_004.jpg/revision/latest/thumbnail/width/360/height/360?cb=20211209221256
42;Juggernault;Villain;95;70;10;50;70;Magic;https://ih1.redbubble.net/image.601964769.3443/raf,360x360,075,t,fafafa:ca443f4786.jpg
43;Star-Lord;Hero;70;75;5;65;20;Magic;https://cdn.shopify.com/s/files/1/0643/8672/8148/files/Marvel_Starlord_Bust_07__52431.jpg?v=1688150672&width=360
44;Winter Soldier;Hero;80;70;5;75;70;Magic;https://encrypted-tbn0.gstatic.com/images?q=tbn:ANd9GcSGnRAZnO3NYCLs2nCycOYxPXMaKM2KU7zxx_PAdNbk8pT---5LnAYTPLq3CjMueRYr3oo&usqp=CAU
45;War Machine;Hero;85;65;5;70;60;Magic;https://static.wikia.nocookie.net/nerdologiaheroespowers/images/6/6a/War_Machine.png/revision/latest/thumbnail/width/360/height/360?cb=20180730134749&path-prefix=pt-br
46;Gamora;Hero;90;75;5;70;60;Magic;https://static.wikia.nocookie.net/marveldatabase/images/0/09/Gamora_%28Earth-15513%29_from_A-Force_Vol_1_3_0001.jpg/revision/latest/thumbnail/width/360/height/360?cb=20160308035222
47;Wasp;Hero;70;90;10;80;10;Power;https://static.wikia.nocookie.net/dublagem/images/d/da/HopeAE.png/revision/latest/scale-to-width-down/200?cb=20220811223342&path-prefix=pt-br
48;She-Hulk;Hero;90;70;5;65;80;Magic;https://oxentesensei.com.br/wp-content/uploads/2022/08/espada-poder.webp
49;Drax;Hero;85;75;5;70;30;Magic;https://static.wikia.nocookie.net/marvel/images/6/6b/Drax-the-destroyer-380x415.jpg/revision/latest?cb=20141115005426&path-prefix=pt-br
50;Hela;Villain;95;70;100;90;60;Healing Factor;https://ih1.redbubble.net/image.2412071870.0222/raf,360x360,075,t,fafafa:ca443f4786.jpg
51;Abomination;Villain;90;65;5;60;70;Magic;https://static.wikia.nocookie.net/dublagem/images/5/56/Abomin%C3%A1vel_%28Personagem%29.png/revision/latest/thumbnail/width/360/height/360?cb=20230213200701&path-prefix=pt-br
53;Baron Zeno;Villain;80;70;5;90;35;Magic;https://static.wikia.nocookie.net/marveldatabase/images/1/12/Helmut_Zemo_%28Earth-TRN670%29_from_Marvel_Strike_Force_001.jpg/revision/latest/thumbnail/width/360/height/360?cb=20200831105536
55;The Leader;Villain;90;60;5;95;70;Magic;https://static.wikia.nocookie.net/superheroes/images/f/f7/The_Leader.jpg/revision/latest?cb=20201008134910
